-- phpMyAdmin SQL Dump
-- version 5.2.1
-- https://www.phpmyadmin.net/
--
-- Host: localhost
-- Generation Time: May 13, 2024 at 02:59 PM
-- Server version: 10.4.28-MariaDB
-- PHP Version: 8.0.28

SET SQL_MODE = "NO_AUTO_VALUE_ON_ZERO";
START TRANSACTION;
SET time_zone = "+00:00";


/*!40101 SET @OLD_CHARACTER_SET_CLIENT=@@CHARACTER_SET_CLIENT */;
/*!40101 SET @OLD_CHARACTER_SET_RESULTS=@@CHARACTER_SET_RESULTS */;
/*!40101 SET @OLD_COLLATION_CONNECTION=@@COLLATION_CONNECTION */;
/*!40101 SET NAMES utf8mb4 */;

--
-- Database: `Connecte`
--

-- --------------------------------------------------------

--
-- Table structure for table `GAMES`
--

CREATE TABLE `GAMES` (
  `id` int(11) NOT NULL,
  `game_board` varchar(1024) NOT NULL,
  `time_date` datetime NOT NULL
) ENGINE=InnoDB DEFAULT CHARSET=utf8mb4 COLLATE=utf8mb4_general_ci;

--
-- Dumping data for table `GAMES`
--

INSERT INTO `GAMES` (`id`, `game_board`, `time_date`) VALUES
(13, '[[0. 0. 0. 0. 0. 0. 0.]\n [0. 0. 0. 0. 0. 0. 0.]\n [1. 0. 0. 0. 0. 0. 0.]\n [1. 0. 0. 0. 0. 0. 2.]\n [1. 0. 0. 0. 0. 0. 2.]\n [1. 0. 0. 0. 0. 0. 2.]]', '2024-03-27 14:35:30'),
(14, '[[1. 2. 1. 0. 0. 0. 0.]\n [2. 1. 2. 0. 0. 0. 0.]\n [1. 2. 1. 0. 0. 0. 0.]\n [2. 1. 2. 0. 0. 0. 0.]\n [1. 2. 1. 0. 0. 0. 0.]\n [2. 1. 2. 1. 0. 0. 2.]]', '2024-03-27 14:35:30'),
(15, '[[0. 0. 0. 0. 0. 0. 0.]\n [0. 0. 0. 0. 0. 0. 0.]\n [0. 0. 0. 0. 0. 0. 0.]\n [0. 0. 0. 0. 0. 0. 0.]\n [0. 0. 0. 0. 0. 0. 0.]\n [0. 0. 0. 0. 0. 0. 1.]]', '2024-03-27 14:49:43'),
(16, '[[0. 0. 0. 0. 0. 0. 0.]\n [0. 0. 0. 0. 0. 0. 0.]\n [0. 0. 0. 0. 0. 0. 0.]\n [0. 0. 0. 0. 0. 0. 0.]\n [0. 0. 0. 0. 0. 0. 0.]\n [2. 0. 0. 0. 0. 0. 0.]]', '2024-03-27 14:52:36'),
(17, '[[0. 0. 0. 0. 0. 0. 0.]\n [0. 0. 0. 0. 0. 0. 0.]\n [0. 0. 0. 0. 0. 0. 0.]\n [0. 0. 0. 0. 0. 0. 0.]\n [0. 0. 0. 0. 0. 0. 0.]\n [2. 0. 0. 0. 0. 0. 0.]]', '2024-03-27 14:53:48'),
(18, '[[0. 0. 0. 0. 0. 0. 0.]\n [0. 0. 0. 0. 0. 0. 0.]\n [0. 0. 0. 0. 0. 0. 0.]\n [0. 0. 0. 0. 0. 0. 0.]\n [0. 0. 0. 0. 0. 0. 0.]\n [2. 0. 0. 0. 0. 0. 0.]]', '2024-03-27 14:54:20'),
(19, '[[0. 0. 0. 0. 0. 0. 0.]\n [0. 0. 0. 0. 0. 0. 0.]\n [0. 0. 0. 0. 0. 0. 0.]\n [0. 0. 0. 0. 0. 0. 0.]\n [0. 0. 0. 0. 0. 0. 0.]\n [2. 0. 0. 0. 0. 0. 0.]]', '2024-03-27 14:55:57'),
(20, '[[0. 0. 0. 0. 0. 0. 0.]\n [0. 0. 0. 0. 0. 0. 0.]\n [0. 0. 0. 0. 0. 0. 0.]\n [0. 0. 0. 0. 0. 0. 0.]\n [0. 0. 0. 0. 0. 0. 0.]\n [2. 0. 0. 0. 0. 0. 0.]]', '2024-03-27 15:17:03'),
(21, '[[0. 0. 0. 0. 0. 0. 0.]\n [0. 0. 0. 0. 0. 0. 0.]\n [0. 0. 0. 0. 0. 0. 0.]\n [0. 0. 0. 0. 0. 0. 0.]\n [0. 0. 0. 0. 0. 0. 0.]\n [0. 0. 0. 0. 0. 0. 0.]]', '2024-03-27 15:22:34'),
(22, '[[0. 0. 0. 0. 0. 0. 0.]\n [0. 0. 0. 0. 0. 0. 0.]\n [0. 0. 0. 0. 0. 0. 0.]\n [0. 0. 0. 0. 0. 0. 0.]\n [0. 0. 0. 0. 0. 0. 0.]\n [0. 0. 0. 0. 0. 0. 0.]]', '2024-03-27 15:22:34'),
(23, '[[0. 0. 0. 0. 0. 0. 0.]\n [0. 0. 0. 0. 0. 0. 0.]\n [0. 0. 0. 0. 0. 0. 0.]\n [0. 0. 0. 0. 0. 0. 0.]\n [0. 0. 0. 0. 0. 0. 0.]\n [0. 0. 0. 0. 0. 0. 0.]]', '2024-03-27 15:22:34'),
(24, '[[0. 0. 0. 0. 0. 0. 0.]\n [0. 0. 0. 0. 0. 0. 0.]\n [0. 0. 0. 0. 0. 0. 0.]\n [0. 0. 0. 0. 0. 0. 0.]\n [0. 0. 0. 0. 0. 0. 0.]\n [1. 0. 0. 0. 0. 0. 0.]]', '2024-03-29 21:11:04'),
(25, '[[0. 0. 0. 0. 0. 0. 0.]\n [0. 0. 0. 0. 0. 0. 0.]\n [0. 0. 0. 0. 0. 0. 0.]\n [0. 0. 0. 0. 0. 0. 0.]\n [0. 0. 0. 0. 0. 0. 0.]\n [0. 0. 0. 0. 0. 0. 0.]]', '2024-04-08 13:34:48'),
(26, '[[0. 0. 0. 0. 0. 0. 0.]\n [0. 0. 0. 0. 0. 0. 0.]\n [0. 0. 0. 0. 0. 0. 0.]\n [0. 0. 0. 0. 0. 0. 1.]\n [0. 0. 0. 0. 0. 0. 1.]\n [2. 2. 2. 2. 0. 0. 1.]]', '2024-04-08 13:34:48'),
(27, '[[0. 0. 0. 0. 0. 0. 0.]\n [0. 0. 0. 0. 0. 0. 0.]\n [0. 0. 0. 1. 0. 0. 0.]\n [0. 0. 0. 1. 1. 0. 0.]\n [1. 0. 2. 2. 2. 1. 0.]\n [2. 2. 2. 1. 1. 2. 1.]]', '2024-04-08 17:00:14'),
(28, '[[0. 0. 0. 0. 0. 0. 0.]\n [0. 0. 0. 0. 0. 0. 0.]\n [0. 0. 0. 0. 0. 0. 0.]\n [0. 0. 0. 0. 0. 0. 0.]\n [2. 0. 0. 0. 0. 0. 1.]\n [2. 0. 0. 0. 0. 0. 1.]]', '2024-04-08 17:00:14'),
(29, '[[0. 0. 0. 0. 0. 0. 0.]\n [0. 0. 0. 0. 0. 0. 0.]\n [0. 0. 0. 0. 0. 0. 0.]\n [0. 0. 0. 0. 0. 0. 0.]\n [0. 0. 0. 0. 0. 0. 0.]\n [0. 0. 0. 0. 0. 0. 0.]]', '2024-04-08 17:00:14'),
(30, '[[0. 0. 0. 0. 0. 0. 0.]\n [0. 0. 0. 0. 0. 0. 0.]\n [0. 0. 0. 0. 0. 0. 0.]\n [0. 0. 0. 0. 0. 0. 0.]\n [0. 0. 0. 0. 0. 0. 0.]\n [0. 0. 0. 0. 0. 0. 0.]]', '2024-04-09 14:21:15'),
(31, '[[0. 0. 0. 0. 0. 0. 0.]\n [0. 0. 0. 0. 0. 0. 0.]\n [0. 0. 0. 0. 0. 0. 0.]\n [0. 0. 0. 0. 0. 0. 0.]\n [0. 0. 0. 0. 0. 0. 0.]\n [0. 0. 0. 0. 0. 0. 0.]]', '2024-04-09 16:50:34'),
(32, '[[0. 0. 0. 0. 0. 0. 0.]\n [0. 0. 0. 0. 0. 0. 0.]\n [0. 0. 0. 0. 0. 0. 0.]\n [0. 0. 0. 0. 0. 0. 0.]\n [0. 0. 0. 0. 0. 0. 0.]\n [0. 0. 0. 0. 0. 0. 0.]]', '2024-04-11 13:42:15'),
(33, '[[0. 0. 0. 0. 0. 0. 0.]\n [0. 0. 0. 0. 0. 0. 0.]\n [0. 0. 0. 0. 0. 0. 0.]\n [0. 0. 0. 0. 0. 0. 0.]\n [0. 0. 0. 0. 0. 0. 0.]\n [0. 0. 0. 0. 0. 0. 0.]]', '2024-04-11 13:45:26'),
(34, '[[0. 0. 0. 0. 0. 0. 0.]\n [0. 0. 0. 0. 0. 0. 0.]\n [2. 0. 0. 0. 0. 0. 0.]\n [2. 1. 0. 0. 0. 0. 0.]\n [2. 1. 0. 0. 0. 0. 0.]\n [2. 1. 0. 0. 0. 0. 0.]]', '2024-04-11 17:26:14'),
(35, '[[0. 0. 0. 0. 0. 0. 0.]\n [0. 0. 0. 0. 0. 0. 0.]\n [2. 0. 0. 0. 0. 0. 0.]\n [2. 1. 0. 0. 0. 0. 0.]\n [2. 1. 0. 0. 0. 0. 0.]\n [2. 1. 0. 0. 0. 0. 0.]]', '2024-04-11 20:40:02'),
(36, '[[0. 0. 0. 0. 0. 0. 0.]\n [0. 0. 0. 0. 0. 0. 0.]\n [0. 0. 0. 0. 0. 0. 0.]\n [0. 0. 0. 0. 0. 0. 0.]\n [0. 0. 0. 0. 0. 0. 0.]\n [0. 0. 0. 0. 0. 0. 0.]]', '2024-04-11 20:49:15'),
(37, '[[0. 0. 0. 0. 0. 0. 0.]\n [0. 0. 0. 0. 0. 0. 0.]\n [1. 0. 0. 0. 0. 0. 0.]\n [1. 2. 0. 0. 0. 0. 0.]\n [1. 2. 0. 0. 0. 0. 0.]\n [1. 2. 0. 0. 0. 0. 0.]]', '2024-04-11 20:49:54'),
(38, '[[0. 0. 0. 0. 0. 0. 0.]\n [0. 0. 0. 0. 0. 0. 0.]\n [0. 0. 0. 0. 0. 0. 0.]\n [0. 0. 0. 0. 0. 0. 0.]\n [0. 0. 0. 0. 0. 0. 0.]\n [0. 0. 0. 0. 0. 0. 0.]]', '2024-04-14 12:08:13'),
(39, '[[0. 0. 0. 0. 0. 0. 0.]\n [0. 0. 0. 0. 0. 0. 0.]\n [0. 0. 0. 0. 0. 0. 0.]\n [0. 0. 0. 0. 0. 0. 0.]\n [0. 0. 0. 0. 0. 0. 0.]\n [0. 0. 0. 0. 0. 0. 0.]]', '2024-04-15 09:14:46'),
(40, '[[0. 0. 0. 0. 0. 0. 0.]\n [0. 0. 0. 0. 0. 0. 0.]\n [0. 0. 0. 0. 0. 0. 0.]\n [0. 0. 0. 0. 0. 0. 0.]\n [0. 0. 0. 0. 0. 0. 0.]\n [0. 0. 0. 0. 0. 0. 0.]]', '2024-04-17 22:40:17'),
(41, '[[0. 0. 0. 0. 0. 0. 0.]\n [0. 0. 0. 0. 0. 0. 0.]\n [0. 0. 0. 0. 0. 0. 0.]\n [0. 0. 0. 0. 0. 0. 0.]\n [0. 0. 0. 0. 0. 0. 0.]\n [0. 0. 0. 0. 0. 0. 0.]]', '2024-04-17 22:40:19'),
(42, '[[0. 0. 0. 0. 0. 0. 0.]\n [0. 0. 0. 0. 0. 0. 0.]\n [0. 0. 0. 0. 0. 0. 0.]\n [0. 0. 0. 0. 0. 0. 0.]\n [0. 0. 0. 0. 0. 0. 0.]\n [1. 1. 1. 1. 0. 0. 0.]]', '2024-04-17 22:40:22'),
(43, '[[0. 0. 0. 0. 0. 0. 0.]\n [0. 0. 0. 0. 0. 0. 0.]\n [0. 0. 0. 0. 0. 0. 0.]\n [0. 0. 0. 0. 0. 0. 0.]\n [0. 0. 0. 0. 0. 0. 0.]\n [0. 0. 0. 0. 0. 0. 0.]]', '2024-04-17 22:40:46'),
(44, '[[0. 0. 0. 0. 0. 0. 2.]\n [0. 0. 0. 0. 0. 0. 2.]\n [0. 0. 0. 0. 0. 0. 2.]\n [0. 0. 0. 0. 0. 0. 1.]\n [0. 0. 0. 0. 0. 0. 2.]\n [0. 0. 0. 1. 1. 1. 1.]]', '2024-04-17 23:16:02'),
(45, '[[0. 0. 0. 0. 0. 0. 0.]\n [0. 0. 0. 0. 0. 0. 0.]\n [0. 0. 0. 0. 0. 0. 0.]\n [0. 0. 0. 0. 0. 0. 0.]\n [0. 0. 0. 0. 0. 0. 0.]\n [0. 0. 0. 0. 0. 0. 0.]]', '2024-04-18 09:18:09'),
(46, '[[0. 0. 0. 0. 0. 0. 0.]\n [0. 0. 0. 0. 0. 0. 0.]\n [0. 0. 0. 0. 0. 0. 0.]\n [0. 0. 0. 0. 0. 0. 0.]\n [0. 0. 0. 0. 0. 0. 0.]\n [0. 0. 0. 0. 0. 0. 0.]]', '2024-04-18 09:24:05'),
(47, '[[0. 0. 0. 0. 0. 0. 0.]\n [0. 0. 0. 0. 0. 0. 0.]\n [2. 0. 0. 0. 0. 0. 0.]\n [2. 0. 0. 0. 0. 0. 0.]\n [2. 0. 0. 0. 0. 0. 0.]\n [2. 1. 1. 1. 0. 0. 0.]]', '2024-04-18 09:26:00'),
(48, '[[0. 0. 0. 0. 0. 0. 0.]\n [0. 0. 0. 0. 0. 0. 0.]\n [0. 0. 0. 0. 0. 0. 0.]\n [0. 0. 0. 2. 0. 0. 0.]\n [2. 2. 2. 1. 1. 0. 0.]\n [2. 2. 1. 1. 1. 1. 0.]]', '2024-04-18 09:26:56'),
(49, '[[0. 0. 0. 0. 0. 0. 0.]\n [0. 0. 0. 0. 0. 0. 0.]\n [2. 0. 0. 0. 0. 0. 0.]\n [2. 0. 0. 0. 0. 0. 0.]\n [2. 0. 0. 0. 0. 1. 1.]\n [2. 0. 0. 0. 0. 1. 1.]]', '2024-04-18 09:27:38'),
(50, '[[0. 0. 0. 0. 0. 0. 0.]\n [0. 0. 0. 0. 0. 0. 0.]\n [0. 0. 0. 0. 0. 0. 5.]\n [5. 0. 0. 0. 0. 0. 5.]\n [5. 0. 0. 0. 0. 0. 5.]\n [5. 0. 0. 0. 0. 0. 5.]]', '2024-04-18 09:56:07'),
(51, '[[0. 0. 0. 0. 0. 0. 0.]\n [0. 0. 0. 0. 0. 0. 0.]\n [0. 0. 0. 0. 0. 0. 0.]\n [0. 0. 0. 0. 0. 0. 0.]\n [0. 0. 0. 0. 0. 0. 0.]\n [0. 0. 0. 0. 0. 0. 0.]]', '2024-04-18 10:01:10'),
(52, '[[0. 0. 0. 0. 0. 0. 0.]\n [0. 0. 0. 0. 0. 0. 0.]\n [0. 0. 0. 0. 0. 0. 0.]\n [0. 0. 0. 0. 0. 0. 0.]\n [0. 0. 0. 0. 0. 0. 0.]\n [0. 0. 0. 0. 0. 0. 0.]]', '2024-04-18 10:01:31'),
(53, '[[0. 0. 0. 0. 0. 0. 0.]\n [0. 0. 0. 0. 0. 0. 0.]\n [0. 0. 0. 0. 0. 0. 0.]\n [0. 0. 0. 0. 0. 0. 0.]\n [0. 0. 0. 0. 0. 0. 0.]\n [0. 0. 0. 0. 0. 0. 0.]]', '2024-04-18 10:25:45'),
(54, '[[0. 0. 0. 0. 0. 0. 0.]\n [0. 0. 0. 0. 0. 0. 0.]\n [0. 0. 0. 0. 0. 0. 1.]\n [2. 0. 0. 0. 0. 0. 1.]\n [2. 0. 0. 0. 0. 0. 1.]\n [2. 0. 0. 0. 0. 0. 1.]]', '2024-04-18 10:26:30'),
(55, '[[0. 0. 0. 0. 0. 0. 0.]\n [0. 0. 0. 0. 0. 0. 0.]\n [2. 0. 0. 0. 0. 0. 0.]\n [2. 0. 0. 0. 0. 0. 1.]\n [2. 0. 0. 0. 0. 0. 1.]\n [2. 0. 0. 0. 0. 0. 1.]]', '2024-04-18 10:27:00'),
(56, '[[0. 0. 0. 0. 0. 0. 0.]\n [0. 0. 0. 0. 0. 0. 0.]\n [0. 0. 0. 0. 0. 0. 0.]\n [0. 0. 0. 0. 0. 0. 0.]\n [0. 0. 0. 0. 0. 0. 0.]\n [0. 0. 0. 0. 0. 0. 0.]]', '2024-04-18 10:48:03'),
(57, '[[0. 0. 0. 0. 0. 0. 0.]\n [0. 0. 0. 0. 0. 0. 0.]\n [0. 0. 0. 0. 0. 0. 0.]\n [0. 0. 0. 0. 0. 0. 0.]\n [0. 0. 0. 0. 0. 0. 0.]\n [0. 0. 0. 0. 0. 0. 0.]]', '2024-04-18 10:48:09'),
(58, '[[0. 0. 0. 0. 0. 0. 0.]\n [0. 0. 0. 0. 0. 0. 0.]\n [0. 0. 0. 0. 0. 0. 0.]\n [0. 0. 0. 0. 0. 0. 0.]\n [0. 0. 0. 0. 0. 0. 0.]\n [0. 0. 0. 0. 0. 0. 0.]]', '2024-04-18 10:48:46'),
(59, '[[0. 0. 0. 0. 0. 0. 0.]\n [0. 0. 0. 0. 0. 0. 0.]\n [0. 0. 0. 0. 0. 0. 0.]\n [0. 0. 0. 0. 0. 0. 0.]\n [0. 0. 0. 0. 0. 0. 0.]\n [0. 0. 0. 0. 0. 0. 0.]]', '2024-04-18 10:51:38'),
(60, '[[0. 0. 0. 0. 0. 0. 0.]\n [0. 0. 0. 0. 0. 0. 0.]\n [0. 0. 0. 0. 0. 0. 0.]\n [0. 0. 0. 0. 0. 0. 0.]\n [0. 0. 0. 0. 0. 0. 0.]\n [0. 0. 0. 0. 0. 0. 0.]]', '2024-04-18 11:10:38'),
(61, '[[0. 0. 0. 0. 0. 0. 0.]\n [0. 0. 0. 0. 0. 0. 0.]\n [2. 0. 0. 0. 0. 0. 0.]\n [2. 0. 0. 0. 0. 0. 0.]\n [2. 0. 0. 0. 0. 1. 1.]\n [2. 0. 1. 2. 2. 1. 1.]]', '2024-04-18 11:10:58'),
(62, '[[0. 0. 0. 0. 0. 0. 0.]\n [0. 0. 0. 0. 0. 0. 0.]\n [2. 0. 0. 0. 0. 0. 0.]\n [2. 1. 0. 0. 0. 0. 0.]\n [2. 1. 0. 0. 0. 0. 0.]\n [2. 1. 0. 0. 0. 0. 0.]]', '2024-04-18 11:11:54'),
(63, '[[0. 0. 0. 0. 0. 0. 0.]\n [0. 0. 0. 0. 0. 0. 0.]\n [5. 0. 0. 0. 0. 0. 0.]\n [5. 5. 0. 0. 0. 0. 0.]\n [5. 5. 0. 0. 0. 0. 5.]\n [5. 5. 0. 5. 5. 0. 5.]]', '2024-04-18 11:14:01'),
(64, '[[0. 0. 0. 0. 0. 0. 0.]\n [0. 0. 0. 0. 0. 0. 0.]\n [0. 0. 0. 0. 0. 0. 0.]\n [0. 0. 0. 0. 0. 0. 0.]\n [0. 0. 0. 0. 0. 0. 0.]\n [0. 0. 0. 0. 0. 0. 0.]]', '2024-04-18 11:14:17'),
(65, '[[0. 0. 0. 0. 0. 0. 0.]\n [0. 0. 0. 0. 0. 0. 0.]\n [0. 0. 0. 0. 0. 0. 0.]\n [0. 0. 0. 0. 0. 0. 0.]\n [0. 0. 0. 0. 0. 0. 0.]\n [0. 0. 0. 0. 0. 0. 0.]]', '2024-04-18 11:35:42'),
(66, '[[0. 0. 0. 0. 0. 0. 0.]\n [0. 0. 0. 0. 0. 0. 0.]\n [0. 0. 0. 0. 0. 0. 0.]\n [0. 0. 0. 0. 0. 0. 0.]\n [0. 0. 0. 0. 0. 0. 0.]\n [2. 2. 2. 1. 1. 1. 1.]]', '2024-04-18 11:36:52'),
(67, '[[0. 0. 0. 0. 0. 0. 0.]\n [0. 0. 0. 0. 0. 0. 0.]\n [0. 0. 0. 0. 0. 0. 0.]\n [0. 0. 0. 0. 0. 0. 0.]\n [0. 0. 0. 0. 0. 0. 0.]\n [0. 0. 0. 0. 0. 0. 0.]]', '2024-04-18 12:09:12'),
(68, '[[0. 0. 0. 0. 0. 0. 0.]\n [0. 0. 0. 0. 0. 0. 0.]\n [5. 0. 0. 0. 0. 0. 0.]\n [5. 0. 0. 0. 0. 0. 5.]\n [5. 0. 0. 0. 0. 0. 5.]\n [5. 0. 0. 0. 0. 0. 5.]]', '2024-04-18 13:55:12'),
(69, '[[0. 0. 0. 0. 0. 0. 0.]\n [0. 0. 0. 0. 0. 0. 0.]\n [0. 0. 0. 0. 0. 0. 0.]\n [0. 0. 0. 0. 0. 0. 0.]\n [0. 0. 0. 0. 0. 0. 0.]\n [2. 0. 0. 0. 0. 0. 0.]]', '2024-04-18 13:56:26'),
(70, '[[0. 0. 0. 0. 0. 0. 0.]\n [0. 0. 0. 0. 0. 0. 0.]\n [0. 0. 0. 0. 0. 0. 0.]\n [0. 0. 0. 0. 0. 0. 0.]\n [0. 0. 0. 0. 0. 0. 0.]\n [0. 0. 0. 0. 0. 0. 0.]]', '2024-04-18 13:56:33'),
(71, '[[0. 0. 0. 0. 0. 0. 0.]\n [0. 0. 0. 0. 0. 0. 0.]\n [0. 0. 0. 0. 0. 0. 0.]\n [0. 0. 0. 0. 0. 0. 0.]\n [0. 0. 0. 0. 0. 0. 0.]\n [0. 0. 0. 0. 0. 0. 0.]]', '2024-04-18 13:56:35'),
(72, '[[0. 0. 0. 0. 0. 0. 0.]\n [0. 0. 0. 0. 0. 0. 0.]\n [5. 0. 0. 0. 0. 0. 0.]\n [5. 0. 0. 0. 0. 0. 5.]\n [5. 0. 0. 0. 0. 0. 5.]\n [5. 0. 0. 0. 0. 0. 5.]]', '2024-04-18 13:56:51'),
(73, '[[0. 0. 0. 0. 0. 0. 0.]\n [0. 0. 0. 0. 0. 0. 0.]\n [0. 0. 0. 0. 0. 0. 5.]\n [5. 0. 0. 0. 0. 0. 5.]\n [5. 0. 0. 0. 0. 0. 5.]\n [5. 0. 0. 0. 0. 0. 5.]]', '2024-04-18 13:58:47'),
(74, '[[0. 0. 0. 0. 0. 0. 0.]\n [0. 0. 0. 0. 0. 0. 0.]\n [0. 0. 0. 0. 0. 0. 0.]\n [0. 0. 0. 0. 0. 0. 0.]\n [0. 0. 0. 0. 0. 0. 0.]\n [1. 0. 0. 0. 0. 0. 0.]]', '2024-04-18 13:58:48'),
(75, '[[0. 0. 0. 0. 0. 0. 0.]\n [0. 0. 0. 0. 0. 0. 0.]\n [5. 0. 0. 0. 0. 0. 0.]\n [5. 0. 0. 0. 0. 0. 5.]\n [5. 0. 0. 0. 0. 0. 5.]\n [5. 0. 0. 0. 0. 0. 5.]]', '2024-04-18 13:59:51'),
(76, '[[0. 0. 0. 0. 0. 0. 0.]\n [0. 0. 0. 0. 0. 0. 0.]\n [0. 0. 0. 0. 0. 0. 0.]\n [0. 0. 0. 0. 0. 0. 0.]\n [0. 0. 0. 0. 0. 0. 0.]\n [0. 0. 0. 0. 0. 0. 0.]]', '2024-04-18 14:00:40'),
(77, '[[0. 0. 0. 0. 0. 0. 0.]\n [0. 0. 0. 0. 0. 0. 0.]\n [0. 0. 0. 0. 0. 0. 0.]\n [5. 0. 0. 0. 0. 0. 5.]\n [5. 0. 0. 0. 0. 0. 5.]\n [5. 0. 0. 0. 0. 0. 5.]]', '2024-04-18 14:01:50'),
(78, '[[0. 0. 0. 0. 0. 0. 0.]\n [0. 0. 0. 0. 0. 0. 0.]\n [5. 0. 0. 0. 0. 0. 0.]\n [5. 0. 0. 0. 0. 0. 5.]\n [5. 0. 0. 0. 0. 0. 5.]\n [5. 0. 0. 0. 0. 0. 5.]]', '2024-04-18 14:03:12'),
(79, '[[0. 0. 0. 0. 0. 0. 0.]\n [0. 0. 0. 0. 0. 0. 0.]\n [0. 0. 0. 0. 0. 0. 0.]\n [0. 0. 0. 0. 0. 0. 0.]\n [0. 0. 0. 0. 0. 0. 0.]\n [0. 0. 0. 0. 0. 0. 0.]]', '2024-04-18 14:05:01'),
(80, '[[0. 0. 0. 0. 0. 0. 0.]\n [0. 0. 0. 0. 0. 0. 0.]\n [0. 0. 0. 0. 0. 0. 5.]\n [5. 0. 0. 0. 0. 0. 5.]\n [5. 0. 0. 0. 0. 0. 5.]\n [5. 0. 0. 0. 0. 0. 5.]]', '2024-04-18 14:05:15'),
(81, '[[0. 0. 0. 0. 0. 0. 0.]\n [0. 0. 0. 0. 0. 0. 0.]\n [0. 0. 0. 0. 0. 0. 0.]\n [0. 0. 0. 0. 0. 0. 0.]\n [0. 0. 0. 0. 0. 0. 0.]\n [0. 0. 0. 0. 0. 0. 0.]]', '2024-04-18 14:06:26'),
(82, '[[0. 0. 0. 0. 0. 0. 0.]\n [0. 0. 0. 0. 0. 0. 0.]\n [2. 0. 0. 0. 0. 0. 0.]\n [2. 0. 0. 0. 0. 0. 1.]\n [2. 0. 0. 0. 0. 0. 1.]\n [2. 0. 0. 0. 0. 0. 1.]]', '2024-04-18 14:06:39'),
(83, '[[0. 0. 0. 0. 0. 0. 0.]\n [0. 0. 0. 0. 0. 0. 0.]\n [0. 0. 0. 0. 0. 0. 0.]\n [0. 0. 0. 0. 0. 0. 0.]\n [0. 0. 0. 0. 0. 0. 0.]\n [0. 0. 0. 0. 0. 0. 0.]]', '2024-04-18 14:06:39'),
(84, '[[0. 0. 0. 0. 0. 0. 0.]\n [0. 0. 0. 0. 0. 0. 0.]\n [0. 0. 0. 0. 0. 0. 0.]\n [0. 0. 0. 0. 0. 0. 0.]\n [0. 0. 0. 0. 0. 0. 0.]\n [0. 0. 0. 0. 0. 0. 1.]]', '2024-04-18 14:07:13'),
(85, '[[0. 0. 0. 0. 0. 0. 0.]\n [0. 0. 0. 0. 0. 0. 0.]\n [0. 0. 0. 0. 0. 0. 0.]\n [0. 0. 0. 0. 0. 0. 0.]\n [0. 0. 0. 0. 0. 0. 0.]\n [0. 0. 0. 0. 0. 0. 1.]]', '2024-04-18 14:10:16'),
(86, '[[0. 0. 0. 0. 0. 0. 0.]\n [0. 0. 0. 0. 0. 0. 0.]\n [2. 0. 0. 0. 0. 0. 0.]\n [2. 0. 0. 0. 0. 0. 1.]\n [2. 0. 0. 0. 0. 0. 1.]\n [2. 0. 0. 0. 0. 0. 1.]]', '2024-04-18 14:10:20'),
(87, '[[0. 0. 0. 0. 0. 0. 0.]\n [0. 0. 0. 0. 0. 0. 0.]\n [0. 0. 0. 0. 0. 0. 1.]\n [2. 0. 0. 0. 0. 0. 1.]\n [2. 0. 0. 0. 0. 0. 1.]\n [2. 0. 0. 0. 0. 0. 1.]]', '2024-04-18 14:10:53'),
(88, '[[0. 0. 0. 0. 0. 0. 0.]\n [0. 0. 0. 0. 0. 0. 0.]\n [0. 2. 0. 0. 0. 0. 0.]\n [0. 2. 0. 0. 0. 0. 1.]\n [0. 2. 0. 0. 0. 0. 1.]\n [0. 2. 0. 0. 0. 0. 1.]]', '2024-04-18 14:15:47'),
(89, '[[0. 0. 0. 0. 0. 0. 0.]\n [0. 0. 0. 0. 0. 0. 0.]\n [0. 0. 0. 0. 0. 0. 0.]\n [0. 0. 0. 0. 0. 0. 0.]\n [0. 0. 0. 0. 0. 0. 0.]\n [0. 0. 0. 0. 0. 0. 0.]]', '2024-04-18 18:01:06'),
(90, '[[0. 0. 0. 0. 0. 0. 0.]\n [0. 0. 0. 0. 0. 0. 0.]\n [0. 0. 0. 0. 0. 0. 0.]\n [0. 0. 0. 0. 0. 0. 0.]\n [0. 0. 0. 0. 0. 0. 0.]\n [0. 0. 0. 0. 0. 0. 0.]]', '2024-04-21 22:46:28'),
(91, '[[0. 0. 0. 0. 0. 0. 0.]\n [0. 0. 0. 0. 0. 0. 0.]\n [0. 0. 0. 0. 0. 0. 0.]\n [0. 0. 0. 0. 0. 0. 0.]\n [0. 0. 0. 0. 0. 0. 0.]\n [0. 0. 0. 0. 0. 0. 0.]]', '2024-04-21 22:46:45'),
(92, '[[0. 0. 0. 0. 0. 0. 0.]\n [0. 0. 0. 0. 0. 0. 0.]\n [0. 0. 0. 0. 0. 0. 0.]\n [0. 0. 0. 0. 0. 0. 0.]\n [0. 0. 0. 0. 0. 0. 0.]\n [0. 0. 0. 0. 0. 0. 0.]]', '2024-04-21 22:52:42'),
(93, '[[0. 0. 0. 0. 0. 0. 0.]\n [0. 0. 0. 0. 0. 0. 0.]\n [0. 0. 0. 0. 0. 0. 0.]\n [0. 0. 0. 0. 0. 0. 0.]\n [0. 0. 0. 0. 0. 0. 0.]\n [0. 0. 0. 0. 0. 0. 0.]]', '2024-04-23 13:05:34'),
(94, '[[0. 0. 1. 0. 0. 0. 0.]\n [0. 0. 2. 0. 0. 0. 0.]\n [0. 0. 1. 0. 2. 1. 1.]\n [0. 2. 1. 2. 1. 1. 1.]\n [2. 2. 2. 1. 2. 2. 1.]\n [2. 1. 2. 1. 2. 2. 1.]]', '2024-04-23 13:07:15'),
(95, '[[0. 0. 0. 0. 0. 0. 0.]\n [0. 0. 0. 0. 0. 0. 0.]\n [0. 0. 0. 0. 0. 0. 0.]\n [0. 0. 0. 0. 0. 0. 0.]\n [0. 0. 0. 0. 0. 0. 0.]\n [0. 0. 0. 0. 0. 0. 0.]]', '2024-04-23 13:07:33'),
(96, '[[0. 0. 0. 0. 0. 0. 0.]\n [0. 0. 0. 0. 0. 0. 0.]\n [0. 0. 0. 0. 0. 0. 0.]\n [0. 0. 0. 0. 0. 0. 0.]\n [0. 0. 0. 0. 0. 0. 0.]\n [0. 0. 0. 0. 0. 0. 0.]]', '2024-04-23 15:58:00'),
(97, '[[0. 0. 0. 0. 0. 0. 0.]\n [0. 0. 0. 0. 0. 0. 0.]\n [0. 0. 0. 0. 0. 0. 2.]\n [0. 0. 0. 0. 2. 2. 1.]\n [0. 0. 0. 0. 2. 1. 1.]\n [2. 0. 2. 2. 1. 1. 1.]]', '2024-04-23 15:58:59'),
(98, '[[0. 0. 0. 0. 0. 0. 0.]\n [0. 0. 0. 0. 0. 0. 0.]\n [0. 0. 0. 0. 0. 0. 0.]\n [0. 0. 0. 0. 0. 0. 0.]\n [0. 0. 0. 0. 0. 0. 0.]\n [0. 0. 0. 0. 0. 0. 0.]]', '2024-04-23 16:00:40'),
(99, '[[0. 0. 0. 0. 0. 0. 0.]\n [0. 0. 0. 0. 0. 0. 0.]\n [0. 0. 0. 0. 0. 0. 0.]\n [0. 0. 0. 0. 0. 0. 0.]\n [0. 0. 0. 0. 0. 0. 0.]\n [0. 0. 0. 0. 0. 0. 0.]]', '2024-04-23 16:00:49'),
(100, '[[0. 0. 0. 0. 0. 0. 0.]\n [0. 0. 0. 0. 0. 0. 0.]\n [0. 0. 0. 0. 0. 0. 0.]\n [0. 0. 0. 0. 0. 0. 0.]\n [0. 0. 0. 0. 0. 0. 0.]\n [0. 0. 0. 0. 0. 0. 0.]]', '2024-04-24 16:31:43'),
(101, '[[0. 0. 0. 0. 0. 0. 0.]\n [0. 0. 0. 0. 0. 0. 0.]\n [0. 0. 0. 0. 0. 0. 0.]\n [0. 0. 0. 0. 0. 0. 0.]\n [0. 0. 0. 0. 0. 0. 0.]\n [0. 0. 0. 0. 0. 0. 0.]]', '2024-04-24 16:33:11'),
(102, '[[0. 0. 0. 0. 0. 0. 0.]\n [0. 0. 0. 0. 0. 0. 0.]\n [0. 0. 0. 0. 0. 0. 0.]\n [0. 0. 0. 0. 0. 0. 0.]\n [0. 0. 0. 0. 0. 0. 0.]\n [0. 0. 0. 0. 0. 0. 0.]]', '2024-04-28 12:35:59'),
(103, '[[0. 0. 0. 0. 0. 0. 0.]\n [0. 0. 0. 0. 0. 0. 0.]\n [1. 0. 0. 0. 0. 0. 0.]\n [1. 0. 0. 0. 0. 0. 2.]\n [1. 0. 0. 0. 0. 0. 2.]\n [1. 0. 0. 0. 0. 0. 2.]]', '2024-04-29 15:41:26'),
(104, '[[0. 0. 0. 0. 0. 0. 0.]\n [0. 0. 0. 0. 0. 0. 0.]\n [0. 0. 0. 0. 0. 0. 0.]\n [0. 0. 0. 0. 0. 0. 0.]\n [0. 0. 0. 0. 0. 0. 0.]\n [0. 0. 0. 0. 0. 0. 0.]]', '2024-04-30 15:21:28'),
(105, '[[0. 0. 0. 0. 0. 0. 0.]\n [0. 0. 0. 0. 0. 0. 0.]\n [0. 0. 0. 0. 0. 0. 0.]\n [0. 0. 0. 0. 0. 0. 0.]\n [0. 0. 0. 0. 0. 0. 0.]\n [0. 0. 0. 0. 0. 0. 0.]]', '2024-04-30 17:36:36'),
(106, '[[0. 0. 0. 0. 0. 0. 0.]\n [0. 0. 0. 0. 0. 0. 0.]\n [0. 0. 0. 0. 0. 0. 0.]\n [0. 0. 0. 0. 0. 0. 0.]\n [0. 0. 0. 0. 0. 0. 0.]\n [0. 0. 0. 0. 0. 0. 0.]]', '2024-04-30 17:36:44'),
(107, '[[0. 0. 0. 0. 0. 0. 0.]\n [0. 0. 0. 0. 0. 0. 0.]\n [0. 0. 0. 0. 0. 0. 0.]\n [0. 0. 0. 0. 0. 0. 0.]\n [0. 0. 0. 0. 0. 0. 0.]\n [0. 0. 0. 0. 0. 0. 0.]]', '2024-04-30 17:36:49'),
(108, '[[0. 0. 0. 0. 0. 0. 0.]\n [0. 0. 0. 0. 0. 0. 0.]\n [0. 0. 0. 0. 0. 0. 0.]\n [0. 0. 0. 0. 0. 0. 0.]\n [0. 0. 0. 0. 0. 0. 0.]\n [0. 0. 0. 0. 0. 0. 0.]]', '2024-04-30 17:38:38'),
(109, '[[0. 0. 0. 0. 0. 0. 0.]\n [0. 0. 0. 0. 0. 0. 0.]\n [0. 0. 0. 0. 0. 0. 0.]\n [0. 0. 0. 0. 0. 0. 0.]\n [0. 0. 0. 0. 0. 0. 0.]\n [0. 0. 0. 0. 0. 0. 0.]]', '2024-04-30 17:39:11'),
(110, '[[0. 0. 0. 0. 0. 0. 0.]\n [0. 0. 0. 0. 0. 0. 0.]\n [0. 0. 0. 0. 0. 0. 0.]\n [0. 0. 0. 0. 0. 0. 0.]\n [0. 0. 0. 0. 0. 0. 0.]\n [0. 0. 0. 0. 0. 0. 0.]]', '2024-04-30 17:40:32'),
(111, '[[0. 0. 0. 0. 0. 0. 0.]\n [0. 0. 0. 0. 0. 0. 0.]\n [0. 0. 0. 0. 0. 0. 0.]\n [0. 0. 0. 0. 0. 0. 0.]\n [0. 0. 0. 0. 0. 1. 0.]\n [0. 0. 0. 0. 1. 2. 0.]]', '2024-04-30 17:41:20'),
(112, '[[0. 0. 0. 0. 0. 0. 0.]\n [0. 0. 0. 0. 0. 0. 0.]\n [0. 0. 0. 0. 0. 0. 0.]\n [0. 0. 0. 0. 0. 0. 0.]\n [0. 0. 0. 0. 0. 0. 0.]\n [0. 0. 0. 0. 0. 0. 0.]]', '2024-04-30 17:41:37'),
(113, '[[0. 0. 0. 0. 0. 0. 0.]\n [0. 0. 0. 0. 0. 0. 0.]\n [0. 0. 0. 0. 0. 0. 0.]\n [0. 0. 0. 0. 0. 0. 0.]\n [0. 0. 0. 0. 0. 0. 0.]\n [0. 0. 0. 0. 0. 0. 0.]]', '2024-04-30 17:42:38'),
(114, '[[0. 0. 0. 0. 0. 0. 0.]\n [0. 0. 0. 0. 0. 0. 0.]\n [0. 0. 0. 0. 0. 0. 0.]\n [0. 0. 0. 0. 0. 0. 0.]\n [0. 0. 0. 0. 0. 0. 0.]\n [0. 0. 0. 0. 0. 0. 0.]]', '2024-04-30 17:43:12'),
(115, '[[0. 0. 0. 0. 0. 0. 0.]\n [0. 0. 0. 0. 0. 0. 0.]\n [0. 0. 0. 0. 0. 0. 0.]\n [0. 0. 0. 0. 0. 0. 0.]\n [0. 0. 0. 0. 0. 0. 0.]\n [0. 0. 0. 0. 0. 0. 0.]]', '2024-04-30 17:43:28'),
(116, '[[0. 0. 0. 0. 0. 0. 0.]\n [0. 0. 0. 0. 0. 0. 0.]\n [0. 0. 0. 0. 0. 0. 0.]\n [0. 0. 0. 0. 0. 0. 0.]\n [0. 0. 0. 0. 0. 0. 0.]\n [0. 0. 0. 0. 0. 0. 0.]]', '2024-04-30 17:44:32'),
(117, '[[0.,0.,0.,0.,0.,0.,0.],\n [0.,0.,0.,0.,0.,0.,0.],\n [0.,0.,0.,0.,1.,2.,2.],\n [0.,0.,0.,0.,2.,1.,1.],\n [2.,0.,0.,2.,1.,1.,1.],\n [2.,2.,2.,1.,2.,1.,1.]]', '2024-04-30 17:49:18'),
(118, '[[0.,0.,0.,0.,0.,0.,0.],\n [0.,0.,0.,0.,0.,0.,0.],\n [0.,0.,0.,0.,0.,0.,0.],\n [0.,0.,0.,0.,0.,0.,0.],\n [0.,0.,0.,0.,0.,0.,0.],\n [0.,0.,0.,0.,0.,0.,0.]]', '2024-04-30 17:49:28'),
(119, '[[0.,0.,2.,1.,1.,0.,2.],\n [1.,0.,2.,1.,2.,0.,2.],\n [2.,1.,1.,2.,1.,0.,1.],\n [1.,2.,1.,1.,1.,0.,1.],\n [2.,1.,2.,1.,1.,0.,2.],\n [2.,2.,2.,1.,2.,2.,2.]]', '2024-04-30 17:52:48'),
(120, '[[0.,2.,1.,0.,0.,0.,1.],\n [0.,1.,2.,2.,0.,0.,1.],\n [2.,1.,2.,1.,0.,0.,2.],\n [1.,1.,2.,2.,0.,1.,1.],\n [2.,2.,1.,2.,2.,2.,1.],\n [1.,2.,1.,2.,1.,2.,1.]]', '2024-04-30 18:01:26'),
(121, '[[0.,0.,0.,0.,0.,0.,0.],\n [0.,0.,0.,0.,0.,0.,0.],\n [0.,0.,0.,0.,0.,0.,0.],\n [0.,0.,0.,0.,0.,0.,0.],\n [0.,0.,0.,0.,0.,0.,0.],\n [0.,0.,0.,0.,0.,0.,0.]]', '2024-04-30 18:02:28'),
(122, '[[0.,0.,0.,1.,0.,0.,0.],\n [0.,0.,0.,1.,0.,0.,0.],\n [0.,0.,2.,1.,0.,0.,0.],\n [0.,2.,2.,2.,0.,0.,0.],\n [0.,1.,2.,2.,0.,1.,0.],\n [1.,1.,2.,2.,0.,1.,0.]]', '2024-04-30 18:03:05'),
(123, '[[0.,0.,0.,0.,0.,0.,0.],\n [0.,0.,0.,0.,0.,0.,0.],\n [0.,0.,0.,0.,0.,0.,0.],\n [0.,0.,0.,0.,0.,0.,0.],\n [0.,0.,0.,0.,0.,0.,0.],\n [0.,0.,0.,0.,0.,0.,0.]]', '2024-04-30 18:03:09'),
(124, '[[0.,0.,0.,0.,0.,0.,0.],\n [0.,0.,0.,1.,0.,0.,0.],\n [0.,0.,2.,1.,0.,0.,0.],\n [0.,0.,2.,2.,0.,0.,0.],\n [0.,0.,2.,2.,1.,0.,0.],\n [1.,0.,2.,2.,1.,0.,1.]]', '2024-04-30 18:05:08'),
(125, '[[0.,0.,0.,0.,0.,0.,0.],\n [0.,0.,1.,0.,0.,0.,0.],\n [0.,2.,2.,1.,0.,0.,0.],\n [0.,2.,2.,2.,0.,0.,0.],\n [0.,2.,2.,2.,1.,0.,1.],\n [1.,1.,1.,2.,2.,1.,1.]]', '2024-04-30 18:05:52'),
(126, '[[0.,0.,0.,0.,0.,0.,0.],\n [0.,0.,0.,0.,0.,0.,0.],\n [0.,0.,0.,0.,0.,0.,0.],\n [0.,0.,0.,0.,0.,0.,0.],\n [0.,0.,0.,0.,0.,0.,0.],\n [0.,0.,0.,0.,0.,0.,0.]]', '2024-04-30 18:05:57'),
(127, '[[0.,0.,0.,0.,0.,0.,0.],\n [0.,0.,0.,0.,0.,0.,0.],\n [0.,0.,0.,0.,0.,0.,0.],\n [0.,0.,0.,0.,0.,0.,0.],\n [0.,0.,0.,0.,0.,0.,0.],\n [0.,0.,0.,0.,0.,0.,0.]]', '2024-04-30 18:06:16'),
(128, '[[0.,0.,0.,1.,1.,0.,0.],\n [0.,0.,2.,2.,1.,0.,0.],\n [0.,1.,1.,2.,1.,1.,0.],\n [2.,2.,2.,1.,2.,1.,0.],\n [2.,1.,2.,2.,2.,1.,0.],\n [1.,1.,2.,2.,2.,1.,0.]]', '2024-04-30 18:06:32'),
(129, '[[0.,0.,0.,0.,0.,0.,0.],\n [0.,0.,0.,0.,0.,0.,0.],\n [0.,0.,0.,0.,0.,0.,0.],\n [0.,0.,0.,0.,0.,0.,0.],\n [0.,0.,0.,0.,0.,0.,0.],\n [0.,0.,0.,0.,0.,0.,0.]]', '2024-04-30 18:06:38'),
(130, '[[0.,0.,0.,0.,0.,0.,0.],\n [0.,0.,0.,0.,0.,0.,0.],\n [0.,0.,0.,1.,0.,0.,0.],\n [0.,0.,2.,2.,1.,0.,0.],\n [0.,1.,2.,2.,2.,1.,0.],\n [1.,1.,2.,2.,2.,1.,1.]]', '2024-04-30 18:06:53'),
(131, '[[0.,0.,0.,0.,0.,0.,0.],\n [0.,0.,0.,2.,0.,0.,0.],\n [2.,0.,2.,1.,1.,2.,1.],\n [1.,0.,2.,2.,2.,1.,1.],\n [1.,0.,1.,2.,2.,2.,1.],\n [1.,0.,1.,2.,2.,1.,1.]]', '2024-04-30 18:07:37'),
(132, '[[0.,0.,0.,0.,0.,0.,0.],\n [0.,0.,0.,0.,0.,0.,0.],\n [0.,0.,0.,0.,0.,0.,0.],\n [0.,0.,0.,0.,0.,0.,0.],\n [0.,0.,0.,0.,0.,0.,0.],\n [0.,0.,0.,0.,0.,0.,0.]]', '2024-04-30 18:09:30'),
(133, '[[0.,0.,0.,0.,0.,0.,0.],\n [0.,0.,0.,2.,0.,0.,0.],\n [0.,0.,0.,1.,0.,0.,1.],\n [0.,0.,2.,2.,2.,0.,1.],\n [0.,0.,1.,2.,2.,2.,1.],\n [0.,0.,1.,2.,1.,1.,1.]]', '2024-04-30 18:10:16'),
(134, '[[0.,0.,0.,0.,0.,0.,0.],\n [0.,0.,0.,0.,0.,0.,0.],\n [0.,0.,0.,0.,0.,0.,0.],\n [0.,0.,0.,0.,0.,0.,0.],\n [0.,0.,0.,0.,0.,0.,0.],\n [0.,0.,0.,0.,0.,0.,0.]]', '2024-04-30 18:12:04'),
(135, '[[0.,0.,0.,0.,0.,0.,0.],\n [1.,1.,2.,1.,0.,0.,0.],\n [2.,2.,2.,1.,0.,0.,0.],\n [2.,1.,1.,1.,0.,0.,0.],\n [2.2.2.1.0.1.0.],\n [1.2.1.2.2.1.0.]]', '2024-04-30 19:29:37'),
(136, '[[0.,0.,0.,0.,0.,0.,0.],\n [0.,0.,0.,0.,0.,0.,0.],\n [0.,0.,0.,0.,0.,0.,0.],\n [0.,0.,0.,0.,0.,0.,2.],\n [0.,0.,0.,0.,0.,1.,2.],\n [0.,0.,0.,0.,0.,1.,2.]]', '2024-05-01 20:22:59'),
(137, '[[0.,0.,0.,0.,0.,0.,0.],\n [0.,0.,0.,0.,0.,0.,0.],\n [0.,0.,0.,0.,0.,0.,1.],\n [0.,0.,0.,0.,3.,2.,1.],\n [0.,0.,0.,0.,3.,2.,1.],\n [0.,0.,0.,0.,3.,2.,1.]]', '2024-05-01 21:12:08'),
(138, '[[0.,0.,0.,0.,0.,0.,0.],\n [0.,0.,0.,0.,0.,0.,0.],\n [0.,0.,0.,1.,0.,0.,0.],\n [0.,0.,0.,1.,0.,0.,0.],\n [0.,0.,0.,1.,0.,0.,0.],\n [0.,0.,0.,1.,0.,0.,0.]]', '2024-05-02 11:02:56'),
(139, '[[0.,0.,0.,0.,0.,0.,0.],\n [0.,0.,0.,1.,0.,0.,0.],\n [0.,1.,0.,2.,1.,0.,0.],\n [0.,1.,0.,2.,2.,0.,0.],\n [0.,1.,0.,2.,2.,0.,0.],\n [1.,1.,2.,1.,2.,0.,0.]]', '2024-05-02 11:10:34'),
(140, '[[0.,0.,0.,0.,0.,0.,0.],\n [0.,0.,0.,0.,0.,0.,0.],\n [0.,0.,0.,0.,0.,0.,0.],\n [0.,0.,0.,0.,0.,0.,3.],\n [2.,0.,0.,0.,0.,1.,3.],\n [2.,2.,0.,0.,0.,1.,3.]]', '2024-05-02 11:11:42'),
(141, '[[0.,0.,0.,0.,0.,0.,0.],\n [0.,0.,0.,0.,0.,0.,0.],\n [2.,1.,0.,0.,0.,0.,0.],\n [2.,3.,0.,0.,0.,0.,0.],\n [2.,1.,0.,0.,0.,0.,3.],\n [2.,1.,0.,0.,0.,0.,3.]]', '2024-05-04 17:10:22'),
(142, '[[0.,0.,0.,1.,0.,0.,0.],\n [0.,0.,0.,1.,0.,0.,0.],\n [0.,0.,0.,1.,1.,0.,0.],\n [0.,0.,0.,2.,2.,2.,0.],\n [1.,0.,2.,2.,2.,2.,0.],\n [1.,1.,1.,2.,2.,1.,2.]]', '2024-05-05 20:16:34'),
(143, '[[0.,1.,2.,2.,0.,0.,0.],\n [0.,2.,1.,1.,1.,1.,0.],\n [1.,1.,2.,1.,1.,2.,1.],\n [2.,2.,2.,1.,2.,2.,2.],\n [1.,1.,2.,2.,2.,1.,1.],\n [1.,2.,1.,2.,2.,2.,1.]]', '2024-05-05 20:19:02'),
(144, '[[0.,0.,0.,0.,0.,0.,0.],\n [0.,0.,0.,0.,0.,0.,0.],\n [0.,0.,0.,0.,0.,0.,1.],\n [0.,0.,2.,0.,0.,3.,1.],\n [0.,0.,2.,0.,0.,3.,1.],\n [3.,2.,2.,3.,1.,3.,1.]]', '2024-05-07 17:40:31'),
(145, '[[0.,0.,0.,0.,0.,0.,0.],\n [0.,0.,0.,0.,0.,0.,0.],\n [0.,0.,0.,0.,0.,0.,0.],\n [0.,0.,0.,0.,0.,0.,0.],\n [0.,0.,0.,0.,0.,0.,0.],\n [0.,0.,0.,0.,0.,0.,0.]]', '2024-05-07 17:58:31'),
(146, '[[0.,0.,0.,0.,0.,0.,0.],\n [0.,0.,0.,0.,0.,0.,0.],\n [0.,0.,0.,0.,0.,0.,0.],\n [0.,0.,0.,0.,0.,0.,0.],\n [0.,0.,0.,0.,0.,0.,0.],\n [0.,0.,0.,0.,0.,0.,1.]]', '2024-05-07 17:59:03'),
(147, '[[0.,0.,0.,0.,0.,0.,0.],\n [0.,0.,0.,0.,0.,0.,0.],\n [0.,0.,0.,0.,0.,0.,0.],\n [0.,0.,0.,0.,0.,0.,0.],\n [0.,0.,0.,0.,0.,0.,0.],\n [0.,0.,0.,0.,0.,0.,0.]]', '2024-05-07 18:00:32'),
(148, '[[0.,0.,0.,0.,0.,0.,0.],\n [0.,0.,0.,0.,0.,0.,0.],\n [0.,0.,0.,0.,0.,0.,0.],\n [0.,0.,0.,0.,0.,0.,0.],\n [0.,0.,0.,0.,0.,0.,0.],\n [0.,0.,0.,0.,0.,0.,0.]]', '2024-05-07 18:00:59'),
(149, '[[0.,0.,0.,0.,0.,0.,0.],\n [0.,0.,0.,0.,0.,0.,0.],\n [0.,0.,0.,0.,0.,0.,0.],\n [0.,0.,0.,0.,0.,0.,0.],\n [0.,0.,0.,0.,0.,0.,0.],\n [0.,0.,0.,0.,0.,0.,0.]]', '2024-05-07 18:02:12'),
(150, '[[0.,0.,0.,0.,0.,0.,0.],\n [0.,0.,0.,0.,0.,0.,0.],\n [0.,0.,0.,0.,0.,0.,0.],\n [0.,0.,0.,0.,0.,0.,0.],\n [0.,0.,0.,0.,0.,0.,0.],\n [0.,0.,0.,0.,0.,0.,0.]]', '2024-05-07 18:02:48'),
(151, '[[0.,0.,0.,0.,0.,0.,0.],\n [0.,0.,0.,0.,0.,0.,0.],\n [0.,0.,0.,0.,0.,0.,0.],\n [0.,0.,0.,0.,0.,0.,0.],\n [0.,0.,0.,0.,0.,0.,0.],\n [0.,0.,0.,0.,0.,0.,0.]]', '2024-05-07 18:04:52'),
(152, '[[0.,0.,0.,0.,0.,0.,0.],\n [0.,0.,0.,0.,0.,0.,0.],\n [0.,0.,0.,0.,0.,0.,0.],\n [0.,0.,0.,0.,0.,0.,0.],\n [0.,0.,0.,0.,0.,0.,0.],\n [0.,0.,0.,0.,0.,0.,0.]]', '2024-05-07 18:05:29'),
(153, '[[0.,0.,0.,0.,0.,0.,0.],\n [0.,0.,0.,0.,0.,0.,0.],\n [0.,0.,0.,0.,0.,0.,0.],\n [0.,0.,0.,0.,0.,0.,0.],\n [0.,0.,0.,0.,0.,0.,0.],\n [0.,0.,0.,0.,0.,0.,0.]]', '2024-05-07 18:07:56'),
(154, '[[0.,0.,0.,0.,0.,0.,0.],\n [0.,0.,0.,0.,0.,0.,0.],\n [0.,0.,0.,0.,0.,0.,0.],\n [0.,0.,0.,0.,0.,0.,0.],\n [0.,0.,0.,0.,0.,0.,0.],\n [0.,0.,0.,0.,0.,0.,0.]]', '2024-05-07 18:08:19'),
(155, '[[0.,0.,0.,0.,0.,0.,0.],\n [0.,0.,0.,0.,0.,0.,0.],\n [0.,0.,0.,0.,0.,0.,0.],\n [0.,0.,0.,0.,0.,0.,0.],\n [0.,0.,0.,0.,0.,0.,0.],\n [0.,0.,0.,0.,0.,0.,0.]]', '2024-05-07 18:10:22'),
(156, '[[0.,0.,0.,0.,0.,0.,0.],\n [0.,0.,0.,0.,0.,0.,0.],\n [0.,0.,0.,0.,0.,0.,0.],\n [0.,0.,0.,0.,0.,0.,0.],\n [0.,0.,0.,0.,0.,0.,0.],\n [0.,0.,0.,0.,0.,0.,0.]]', '2024-05-07 18:11:12'),
(157, '[[0.,0.,0.,0.,0.,0.,0.],\n [0.,0.,0.,0.,0.,0.,0.],\n [0.,0.,0.,0.,0.,0.,1.],\n [0.,0.,0.,0.,0.,0.,1.],\n [0.,0.,0.,0.,0.,0.,1.],\n [0.,0.,0.,0.,0.,0.,1.]]', '2024-05-07 18:11:15'),
(158, '[[0.,0.,0.,0.,0.,0.,0.],\n [0.,0.,0.,0.,0.,0.,0.],\n [0.,0.,0.,0.,0.,0.,1.],\n [0.,0.,0.,0.,0.,0.,1.],\n [0.,0.,0.,0.,0.,0.,1.],\n [0.,0.,0.,0.,0.,0.,1.]]', '2024-05-07 18:11:16'),
(159, '[[0.,0.,0.,0.,0.,0.,0.],\n [0.,0.,0.,0.,0.,0.,0.],\n [0.,0.,0.,0.,0.,0.,0.],\n [2.,0.,0.,0.,0.,0.,1.],\n [2.,0.,0.,0.,0.,0.,1.],\n [2.,0.,0.,0.,0.,0.,1.]]', '2024-05-07 18:11:53'),
(160, '[[0.,0.,0.,0.,0.,0.,0.],\n [0.,0.,0.,0.,0.,0.,0.],\n [0.,0.,0.,0.,0.,0.,0.],\n [0.,0.,0.,0.,0.,0.,0.],\n [0.,0.,0.,0.,0.,0.,0.],\n [0.,0.,0.,0.,0.,0.,0.]]', '2024-05-07 18:12:47'),
(161, '[[0.,0.,0.,0.,0.,0.,0.],\n [0.,0.,0.,0.,0.,0.,0.],\n [0.,0.,0.,0.,0.,0.,0.],\n [0.,0.,0.,0.,0.,0.,0.],\n [0.,0.,0.,0.,0.,0.,0.],\n [0.,0.,0.,0.,0.,0.,0.]]', '2024-05-07 18:12:48'),
(162, '[[0.,0.,0.,0.,0.,0.,0.],\n [0.,0.,0.,0.,0.,0.,0.],\n [0.,0.,0.,0.,0.,0.,0.],\n [0.,0.,0.,0.,0.,0.,0.],\n [0.,0.,0.,0.,0.,0.,0.],\n [0.,0.,0.,0.,0.,0.,0.]]', '2024-05-07 18:13:13'),
(163, '[[0.,0.,0.,0.,0.,0.,0.],\n [0.,0.,0.,0.,0.,0.,0.],\n [0.,0.,0.,0.,0.,0.,0.],\n [0.,0.,0.,0.,0.,0.,0.],\n [0.,0.,0.,0.,0.,0.,0.],\n [3.,0.,2.,0.,0.,0.,1.]]', '2024-05-07 18:13:43'),
(164, '[[0.,0.,0.,0.,0.,0.,0.],\n [0.,0.,0.,0.,0.,0.,0.],\n [0.,0.,0.,0.,0.,0.,1.],\n [2.,0.,0.,0.,0.,0.,1.],\n [2.,0.,0.,0.,0.,0.,1.],\n [2.,2.,0.,0.,0.,0.,1.]]', '2024-05-07 18:59:10'),
(165, '[[0.,0.,0.,0.,0.,0.,0.],\n [0.,0.,0.,0.,0.,0.,1.],\n [0.,0.,0.,0.,0.,0.,1.],\n [2.,0.,0.,0.,0.,0.,1.],\n [2.,0.,0.,0.,0.,0.,1.],\n [2.,2.,0.,0.,0.,0.,1.]]', '2024-05-07 18:59:54'),
(166, '[[0.,0.,0.,0.,0.,0.,0.],\n [0.,0.,0.,0.,0.,0.,1.],\n [0.,0.,0.,0.,0.,0.,1.],\n [2.,0.,0.,0.,0.,0.,1.],\n [2.,0.,0.,0.,0.,0.,1.],\n [2.,2.,0.,0.,0.,0.,1.]]', '2024-05-07 19:00:11'),
(167, '[[0.,0.,0.,0.,0.,0.,0.],\n [0.,0.,0.,0.,0.,0.,0.],\n [0.,0.,0.,0.,0.,0.,0.],\n [0.,0.,0.,0.,0.,0.,0.],\n [2.,1.,0.,0.,0.,0.,0.],\n [2.,3.,0.,0.,0.,0.,0.]]', '2024-05-07 19:01:22'),
(168, '[[0.,0.,0.,0.,0.,0.,0.],\n [0.,0.,0.,0.,0.,0.,0.],\n [0.,0.,0.,0.,0.,0.,0.],\n [0.,0.,0.,0.,0.,0.,0.],\n [2.,1.,0.,0.,0.,0.,0.],\n [2.,3.,0.,0.,0.,0.,0.]]', '2024-05-07 19:01:40'),
(169, '[[0.,0.,0.,0.,0.,0.,0.],\n [0.,0.,0.,0.,0.,0.,0.],\n [0.,0.,0.,0.,0.,0.,0.],\n [0.,0.,0.,0.,0.,0.,0.],\n [2.,1.,0.,0.,0.,0.,0.],\n [2.,3.,0.,0.,0.,0.,0.]]', '2024-05-07 19:01:51'),
(170, '[[0.,0.,0.,0.,0.,0.,0.],\n [0.,0.,0.,0.,0.,0.,0.],\n [0.,0.,0.,0.,0.,0.,0.],\n [0.,0.,0.,0.,0.,0.,0.],\n [0.,0.,0.,0.,0.,0.,0.],\n [0.,0.,0.,0.,0.,0.,0.]]', '2024-05-07 19:05:07'),
(171, '[[2.,2.,2.,1.,1.,1.,1.],\n [2.,2.,2.,2.,1.,1.,1.],\n [2.,2.,2.,1.,1.,1.,1.],\n [2.,2.,2.,2.,1.,1.,1.],\n [2.,2.,2.,1.,1.,1.,1.],\n [2.,2.,2.,2.,1.,1.,1.]]', '2024-05-07 19:06:48'),
(172, '[[2.,2.,2.,1.,1.,1.,1.],\n [2.,2.,2.,2.,1.,1.,1.],\n [2.,2.,2.,1.,1.,1.,1.],\n [2.,2.,2.,2.,1.,1.,1.],\n [2.,2.,2.,1.,1.,1.,1.],\n [2.,2.,2.,2.,1.,1.,1.]]', '2024-05-07 19:09:00'),
(173, '[[0.,0.,0.,0.,0.,0.,0.],\n [0.,0.,0.,0.,0.,0.,0.],\n [0.,0.,0.,0.,0.,0.,2.],\n [1.,0.,0.,0.,0.,0.,2.],\n [1.,0.,0.,0.,0.,0.,2.],\n [1.,0.,0.,0.,0.,0.,2.]]', '2024-05-07 19:09:03'),
(174, '[[2.,2.,2.,1.,1.,1.,1.],\n [2.,2.,2.,2.,1.,1.,1.],\n [2.,2.,2.,1.,1.,1.,1.],\n [2.,2.,2.,2.,1.,1.,1.],\n [2.,2.,2.,1.,1.,1.,1.],\n [2.,2.,2.,2.,1.,1.,1.]]', '2024-05-07 19:09:04'),
(175, '[[0.,0.,0.,0.,0.,0.,0.],\n [0.,0.,0.,0.,0.,0.,0.],\n [0.,0.,0.,0.,0.,0.,0.],\n [0.,0.,0.,0.,0.,0.,0.],\n [0.,0.,0.,0.,0.,0.,0.],\n [0.,0.,0.,0.,0.,0.,0.]]', '2024-05-07 19:09:07'),
(176, '[[0.,0.,0.,0.,0.,0.,0.],\n [0.,0.,0.,0.,0.,0.,0.],\n [0.,0.,0.,0.,0.,0.,2.],\n [1.,0.,0.,0.,0.,0.,2.],\n [1.,0.,0.,0.,0.,0.,2.],\n [1.,0.,0.,0.,0.,0.,2.]]', '2024-05-07 19:09:20'),
(177, '[[0.,0.,0.,0.,0.,0.,0.],\n [0.,0.,0.,0.,0.,0.,0.],\n [0.,0.,0.,0.,0.,0.,2.],\n [1.,0.,0.,0.,0.,0.,2.],\n [1.,0.,0.,0.,0.,0.,2.],\n [1.,0.,0.,0.,0.,0.,2.]]', '2024-05-07 19:09:40'),
(178, '[[2.,2.,2.,2.,1.,1.,1.],\n [2.,2.,2.,1.,1.,1.,1.],\n [2.,2.,2.,2.,1.,1.,1.],\n [2.,2.,2.,1.,1.,1.,1.],\n [2.,2.,2.,2.,1.,1.,1.],\n [2.,2.,2.,1.,1.,1.,1.]]', '2024-05-07 19:10:27'),
(179, '[[0.,0.,0.,0.,0.,0.,0.],\n [0.,0.,0.,0.,0.,0.,0.],\n [0.,0.,0.,0.,0.,0.,0.],\n [0.,0.,0.,0.,0.,0.,0.],\n [0.,0.,0.,0.,0.,0.,0.],\n [0.,0.,0.,0.,0.,0.,0.]]', '2024-05-07 19:12:16'),
(180, '[[0.,0.,0.,0.,0.,0.,0.],\n [0.,0.,0.,0.,0.,0.,0.],\n [0.,0.,0.,0.,0.,0.,0.],\n [0.,0.,0.,0.,0.,0.,0.],\n [0.,0.,0.,0.,0.,0.,0.],\n [0.,0.,0.,0.,0.,0.,0.]]', '2024-05-07 19:12:28'),
(181, '[[2.,2.,2.,1.,2.,1.,1.],\n [2.,2.,1.,2.,2.,1.,2.],\n [1.,2.,2.,1.,1.,2.,1.],\n [2.,1.,2.,1.,1.,2.,2.],\n [2.,2.,2.,1.,1.,1.,1.],\n [2.,2.,1.,1.,1.,1.,1.]]', '2024-05-07 19:13:44'),
(182, '[[0.,0.,0.,0.,0.,0.,0.],\n [0.,0.,0.,0.,0.,0.,0.],\n [1.,0.,0.,0.,0.,0.,0.],\n [1.,0.,0.,0.,0.,0.,2.],\n [1.,0.,0.,0.,0.,0.,2.],\n [1.,0.,0.,0.,0.,0.,2.]]', '2024-05-07 19:15:38'),
(183, '[[0.,0.,0.,0.,0.,0.,0.],\n [0.,0.,0.,0.,0.,0.,0.],\n [1.,0.,0.,0.,0.,0.,0.],\n [1.,0.,0.,0.,0.,0.,2.],\n [1.,0.,0.,0.,0.,0.,2.],\n [1.,0.,0.,0.,0.,0.,2.]]', '2024-05-07 19:15:56'),
(184, '[[0.,0.,0.,0.,0.,0.,0.],\n [0.,0.,0.,0.,0.,0.,0.],\n [1.,0.,0.,0.,0.,0.,0.],\n [1.,0.,0.,0.,0.,0.,2.],\n [1.,0.,0.,0.,0.,0.,2.],\n [1.,0.,0.,0.,0.,0.,2.]]', '2024-05-07 19:16:02'),
(185, '[[1.,1.,2.,2.,2.,1.,2.],\n [2.,1.,1.,1.,1.,1.,1.],\n [2.,2.,2.,2.,2.,2.,1.],\n [1.,1.,1.,2.,1.,2.,1.],\n [2.,1.,1.,2.,1.,2.,1.],\n [2.,2.,1.,2.,2.,2.,1.]]', '2024-05-07 19:16:42'),
(186, '[[0.,0.,0.,0.,0.,0.,0.],\n [0.,0.,0.,0.,0.,0.,0.],\n [0.,0.,0.,0.,0.,0.,0.],\n [0.,0.,0.,0.,0.,0.,0.],\n [0.,0.,0.,0.,0.,0.,0.],\n [0.,0.,0.,0.,0.,0.,0.]]', '2024-05-07 19:20:29'),
(187, '[[0.,0.,0.,0.,0.,0.,0.],\n [0.,0.,0.,0.,0.,0.,0.],\n [0.,0.,0.,0.,0.,0.,0.],\n [0.,0.,0.,0.,0.,0.,0.],\n [0.,0.,0.,0.,0.,0.,0.],\n [2.,2.,0.,1.,0.,0.,3.]]', '2024-05-07 19:21:15'),
(188, '[[0.,0.,0.,0.,0.,0.,0.],\n [0.,0.,0.,0.,0.,0.,0.],\n [0.,0.,0.,0.,0.,0.,0.],\n [0.,0.,0.,0.,0.,0.,0.],\n [0.,0.,0.,0.,0.,0.,0.],\n [0.,0.,0.,0.,0.,0.,0.]]', '2024-05-09 15:38:20');

-- --------------------------------------------------------

--
-- Table structure for table `PLAYERS`
--

CREATE TABLE `PLAYERS` (
  `username` varchar(50) NOT NULL,
  `hashed_pass` varchar(255) NOT NULL,
  `email` varchar(255) NOT NULL,
  `token` varchar(255) NOT NULL,
  `verifyID` varchar(50) NOT NULL,
  `verified` smallint(1) NOT NULL DEFAULT 0,
  `lastChange` datetime DEFAULT NULL,
  `lastReset` datetime DEFAULT NULL,
  `resetID` varchar(50) DEFAULT NULL,
  `validUntil` datetime DEFAULT NULL
) ENGINE=InnoDB DEFAULT CHARSET=utf8mb4 COLLATE=utf8mb4_general_ci;

--
-- Dumping data for table `PLAYERS`
--

INSERT INTO `PLAYERS` (`username`, `hashed_pass`, `email`, `token`, `verifyID`, `verified`, `lastChange`, `lastReset`, `resetID`, `validUntil`) VALUES
('aaaaa', '$2b$12$MTBqxmtMpBtoLxEJTh/fo.WloJJNdy0Y7VA/kTDjjYpaLATQyY.C6', 'matas.gudliauskas@gmail.com', '', 'uonka14ydacgzmqb6re5rf2rhnp340wvmjyky934gjweplajz6', 0, NULL, NULL, NULL, NULL),
('aaaaaaaaaa', '$2b$12$g/N5p8o/73bgqIRkNw7Gcul8COf3utOKE1Q2fun.3eJ2YTH3shmfe', 'matas.gudliauskas@gmail.com', '', 'k51f2c9wno6ov8r3be5r3cstwqe7xoehhh6spptq7w62iesv88', 0, NULL, NULL, NULL, NULL),
('ananana', '$2b$12$hHoUhnyHMHROkC91XExsOuBPKiirv99iar8sk8L0oEFNDB/s4oBIS', 'matasgudliauskas@gmail.com', 'nysaq1mn2nlcmc541go6zrkzgjienlhot0bijl1fgd8wb5ekzj1ttguancrpn92cfd1qmubtl30pxqipgtm70vvotiuioi7ipr0smvbvu8ce1im1565yhgqzec3qpgnqlj8zcsxh194thxxahkctoo0gy8bywmip60eo4oum8lrlsnuxz3yf1hat1pvemxnujm9hwfysgnivscpddn51218p8phrugbri4v79mzdlwvu5ziqlymh9eppx49z0a6', '', 1, NULL, '2024-05-05 15:49:29', NULL, NULL),
('antanas123', '$2b$12$0OjAUxppNM0XRYn/yjmocO9Z8kEGJrv/JHS5f/usXFg8UNBLTh0RS', 'matas@gmail.com', '', 'pb5q2b28he12zj1jf5wg10tk3xol53whb59q4sp8icvvwbticv', 0, NULL, NULL, NULL, NULL),
('antaniukas', '$2b$12$gNN.GRpCrIiML/ba.3rMleYaZgp9n/Si9S7UEKIRC2zbuQm4t0VH2', 'matasgudliauskas@gmail.com', 'q2erlhihk79r6watmgctnmigelxas9ohjkrk22q75y51ifwv9vqpl4sxgjtyzppm940r7y6w2i29wfyybzcdkowdthekyj9v7xtp9zcekepkh4ebit2t3kjd6cmmjuxvhz7pq542aec8qz40sn06vnxzybmvf71faon0imaaifny28zjstb4fwxo1gzih41g3cuukbz0mcaeg6hjgs7tmj1ihqru2b2wi65djj8jd7g5b5uxioscj9lpjwo91n4', '', 1, NULL, '2024-05-09 15:54:09', NULL, NULL),
('async', '$2b$12$wOYO.pYHO20GZ129RNmMtOoxB07EoPmkl/0au0O5FtMfaIgrFquhe', 'matasgudliauskas@gmail.com', '', 'vlc919qz4z6cc0w4m5q20qp8nqds6fj2a9v59e0u6ykn06o1mr', 0, NULL, NULL, NULL, NULL),
('bbbbb', '$2b$12$lTHw1HHl5rF1ZUKBjejWq.qBlkLQWqqrNVHBmLMvY4yvVpm0tCYsC', 'matasgudliauskas@gmail.com', '', '0hjire2l8jeq4gb8uq7xmd1kn79xte8ugx0qv9x58kyc7hf6r0', 0, NULL, NULL, NULL, NULL),
('bondas', '$2b$12$QrRJO0L8ARk2YpouBXNBNOVTOvH6TK6CTTbySAfPCc3npCaBynTb6', 'matasgudliauskas@gmail.com', '', '', 1, NULL, '2024-05-05 15:19:41', NULL, NULL),
('bondas_pabudo', '$2b$12$NvYILV88uBvmQSrSbCHia.K1Z2luEj21oD8OS2fNjtgR68a7lPNNy', 'matasgudliauskas@gmail.com', '', '', 1, NULL, '2024-05-05 15:32:19', NULL, NULL),
('dzeimsas', '$2b$12$aJY5WhwWk80Rjy9eaqLojeelthtp4f.ohcVMlENzQswJayQ09sh3O', 'matasgudliauskas@gmail.com', 'ud2dt0k72l61fgvh8jgo038eg31nj35axtsvb2228req1977qvy1ew2xpj4su9mhxylwgkh1gzmd5q7viioo5rvwomt7jzwd2ktedslx49g6zxt72h1ink2ci6zzqp0t8h9u439i9h09eotifi1mmxntvqkszd2x7ceww5hf7wlz7ptyxtujfzqwpel2ct1td4s4grzwfqg7959hopjohf77miyyu3g1pmjz02trbh9sspxptwcjmu7e8zjit6e', '', 1, NULL, '2024-05-05 15:40:35', NULL, NULL),
('germanJesus', '$2b$12$lhmPhxnviGutgsZSP4StbO8JcdAX9IXzftv..EZjjmqFi.5wdFE46', 'matasgudliauskas@gmail.com', '', 'nt0uiz3z34k4qt0j93obdq6c49w52p2wq6t43y1bn7y0us7m9a', 0, NULL, NULL, NULL, NULL),
('Guest', '', '', '', '', 0, NULL, NULL, NULL, NULL),
('JamesBond', '$2b$12$sD8VUe7VzJAf/6TpWDr/Ge7CuVSH5WHnGcCY1zuuuh6sSxbH3rBEW', 'matas.gudliauskas@gmail.com', '', '', 1, NULL, NULL, NULL, NULL),
('jonas', '$2b$12$4NY5sHmAzlVAAy9NC2iWfewezPfJv4Ou5i/gYVke1OEYxO6GX0q4O', 'matas.gudliauskas@gmail.com', '6cacobnm9j6jdq4ikxf648c29ggsry68nm9bdagmvuz30lwwmrajy3vimocplruwam7yqx7sm58mr0oe5n8gjv7n0j2o0hk0znn6hh5av9419t4zrv751yvanl13el4fqh8q4bjmjb3h6lro2rv6nnxaq3u6tzoa0n0e7hiclwc7gld0aos1545n5vdf63dewd0cvu5nr5dyrtsimaa5rb8r79c1i9pd3yub1lhp6uvzxzrtq1r1wyqhmftoguk', '', 1, NULL, '2024-05-09 15:50:11', NULL, NULL),
('jonas_jonauskas', '$2b$12$S9nwoeH42qWWWEgMb0BASe9ruaaUVJBWEW.1DcrbVGAZS.emiuIFW', 'jonas@jonas.gmail.com', 'njtztbk4xj7o0b588qn4pampdf8ib6z7ro339am0jmldbyt6c5q102z1renepwev0oiqlqu2c0uzx39ya57orx5dn2orbh3dubg9p5clww0l919yuhy8kpsq3a6mptt01lnwgx8kgbztnzjiwjy8iqiak5kxglw960i3lcaxrh5p4x7su30qtkwi80yug0qy2zijjcmgrb1mqzpcyqm16eyaoavpbu1rdv7ejcij9z2dvo36pwvr3v7kl9y830o', '', 0, NULL, NULL, NULL, NULL),
('jonukas', '$2b$12$ZdMZa0tTzo68Elwif3p/XeQXiQJfugPIVDi.D4ThHDdnYHchzqRgu', 'matasgudliauskas@gmail.com', 'xogfckbclhwpn4fpspldskzp2bmxcq75a3sjdakfrrb4mdoxu1kull7p4xq2a7w1gtg30zaiep3t742fp2c2ono0yu84ingp0a61aido6sp2m7j65g0asz59jfbceilk1veeudqwnemmul31xi3w5y5dr401vw648xejscqgkwbgamziy83mjf82ibbx9w32477byy8ojnxc2l6mb3a6ahllqukj1tftfcep51x6hczxt3pzyershko77sdxo54', '', 1, NULL, '2024-05-05 15:41:56', NULL, NULL),
('labasrytas', '$2b$12$JdpBj/y7bzqBpSzD5DqiVO.68esgf.KavBeUwUsTpNpFXTcwRP59m', 'matasgudliauskas@gmail.com', '80cfal87f5mbwhhans1yb4nw229p8p8uiurg74yccviou3tidg5pix9fqax9zvtgwx831wi8cxfnj7c6q5p3rghwmung1vlxnwwlii0jthod8mn1lj2wo0kmp7hfhtl2uh87d8kwvwi6x1s7mjh6ey8c4lhtbgig6qnxcaq6jto0cdyo8d9z7avk5jptyg53c86g6np6vc92oh0jktzeokh4rw42nned9gdatc9d2a3rua3v6krmgsuah3ikvkv', '', 1, NULL, '2024-05-05 19:05:10', NULL, NULL),
('llllll', '$2b$12$ALw9bdCzp/LMxQF7Lpzdi.vBerOk3xETgK8fgPvI3Qoodg0sUMmBK', 'matasgudliauskas@gmail.com', '', '5hc4qt9is83og8l6tswfx20wifaym65wj1vzihefj6020xlzbf', 0, NULL, NULL, NULL, NULL),
('markimoo', '$2b$12$XISrZ4Ax9FAzDN01WE104eraedeC8qeBNeLOecUoUZsbHTztZcvvG', '.@gmail', 'sp19c9wig971xryanrklx89dc5y7du25eod4rqaxuopux91ztp76i97nnlx0dktg8zadxeyiaddslj2apyo8zpz6dnnsvsfh1kewtvp6cyxp1k14k48s696qwoi5jo59wbmivk04irjgn1bx2lko9tn1i2trla3v9mdoxeynjfz1lbow9l15o4k1rumt631yxnomosh20firomf75tmlogrp7fgnrdvsvyoha08xk5yvkms5ytsfk6n887aeowf', 'duunvnjk8jbwlr8qwnc33o6oo9dt6f3ughovi69pn3ylaq6nyr', 0, '2024-05-05 20:20:40', NULL, NULL, NULL),
('matas', '$2b$12$St4kMdP4vVKQKk0yq7PK5u/DcJ2WLNF0RNAU3BrH4x6qBJIgpVExi', 'matas.gudliauskas@gmail.com', 'dtxe8cw0t1xkz936lu76uecluey5vdfkci1abdoo7mjlrd2r6k5yry2fwb59evydqjy7955ci80bw0w5piq2twq8ftn12y6kt1q5yo6fv4qjqolrcqzo2sutvlgtzyu6al56ofhz3e79dksvk198pttou1gg07g5epez6l3rridm2r8writ2qhnt64vvqskkdkaw0v15b1bowqu7rghv66jhknny6mzg96iyrs132jqk3nwsx2641m5m2azpe93', '', 1, '2024-05-09 14:41:23', '2024-05-09 14:54:03', NULL, NULL),
('matas111', '$2b$12$6dKDzNrQ0v5c8aKmLxdctOEaxizn4nKHY3Ud.JNeKkwO2L2NQehi2', 'matas.gudliauskas@gmail.com', '', 'pa5v7dhrvkeeyprekf24pxwwmwc52nehu1zlzbzrcq88ucrf74', 0, NULL, NULL, NULL, NULL),
('matas11111', '$2b$12$dT2hG3MYyUOOY1oKmWiGDePfWJEd6VbfzQ4bNQm2TW5yPRVMeu9Cy', 'matas.gudlauskas@gmail', '', 'esshpo17mw7fjxcdyav3pr7k5axuwo1k16nd5pebuwd5jvm1q6', 0, NULL, NULL, NULL, NULL),
('matas123', '$2b$12$59qG80tBunMkhdbN4do0zuwvaYogg4n46f/FM7KawA1SlS15zfZVi', 'matasgudliauskas+con@gmail.com', '', '', 1, NULL, '2024-05-05 15:25:19', NULL, NULL),
('Obama', '$2b$12$rUNL/s91wmfa0O0rtiQOUeIZf2gF5S.PP4J0bzDHpJsIaOE.dL6he', 'matasgudliauskas@gmail.com', 'sk2s6z32p529z9166yu5muvfw06jmsx031lubxlbdvpulryk1tbs3p1cdkknonbx1hvxvbl7hnongycu6x8npuutxd5jdul2jh3amxt6o05fmv56lsqsevln2gyrae8cvctzrgudgm5p75k57kzpxlaa2dpat4vak28k3e7ecrd5u1qt1a5mrjgpe0acdpwgtpybjkzxo4adqrsghx4osiso71ao4gmzqi9eqw4bvmj19cv60ujwvj5qeigy6z3', 'i0aky1wryh85ey5pklbfx3jh173rmac43ue4ctj1n7v3pkvh86', 0, NULL, NULL, NULL, NULL),
('paskutinesDienosTestas', '$2b$12$L8RHRin08P0kum6AeYrjeev.fPjfTjAiheax9s5ednoPC9dj.zLe6', 'matas.gudliauskas@gmail.com', 'egt03ldr9o1i4sk65jl1ki0n8jyqoxj3dqfeg8jlz1i5pods736p47t8v033dzo9rsaoak9j8be4e6l4c090k1q8yzb484ostgmkavtce9p6jjuernprql1d8tblv1hhrxpix6vpy6k7axaltpatsck9w1iz2x06r63tklf1065va5bmm1l768w3p98xat49g04jh69dx3sk1uvb4i0xobb773qgv1ie8gigfbw5hknqit453od6oweqcj9u2re', '', 1, NULL, NULL, NULL, NULL),
('petras123', '$2b$12$0ezBUQY1UEonRonqg9UxRezL5WInbAyZyy5TubsUCq48OyrU5dU6W', 'matas.gudliauskas@gmail.com', 'dd70762roia5j2m5tjwh5rmuayv8fkbhgnq27jksddgw8j6qc6uzc33njiqjl6fvbtm690u0orvd6lr91ggrqx6rsmbjb6x7d4nbkh08rlkiouxjfouqylrsjytjjzz5q6bi2gp7onmabql9r2yghyr0406d4ngt31i84d6ivjgdfv6zkish6jtrrqbl4u0psaa7pokk27sbwlkzwscm0iyfl02v74cj86v6mlhq3rq5by2wo0c9qd176dgapk7', '', 1, NULL, '2024-05-05 15:26:13', NULL, NULL),
('python', '$2b$12$j/sb1VeyPO8uPKDln/yequ9b5bEm90zu5FlpNSJjBJJ3E6yyCObPa', 'matasgudliauskas@gmail.com', '', 'p05qgh9e3tympm272ij84tiyczzckkihwqzd78g873ptte05hq', 0, NULL, NULL, NULL, NULL),
('testas', '$2b$12$7IbrhM9QK8Us509Twa9iLOlNEtO0H.G1Q01FJO5U/U1rb3Z9A4QHS', 'matas.gudliauskas@gmail.com', '91eodcd9v5mocrvlp30k488np64bkz7urzlip30dt01blh9r0nzz6mcksz4zux9ldsc3qfbkzfypxzaeo0rfc8ijlndmv6r7e2sy01wxqoeja2bz4yv2z0dbbatbdry4jdxvl97cgtxezd6qm9s99022dikna0eiu5pqn5p6tmvqovka3w6x8lrgi6yq4vmptcgze9dmto2fuedz0qvwrmhec0f3tbd0my21e3e3947j3q7aoffxgp6s2lvxf9c', '', 1, NULL, '2024-05-05 15:23:52', NULL, NULL),
('testinis', '$2b$12$48y/bl0gVljpNEQgdc6Cme2jnBoKiTI2ldBen7hOwGR1VgHXj6vGS', 'matas.gudiauskas@ktu.edu', '', 'tlgdsw9zv5b68qmwqtn8iomizippwgtnwq6a35v5gvtnrdtkiz', 0, NULL, NULL, NULL, NULL),
('testuotojasPetras', '$2b$12$ruSJbj/Aq24HHF1mcCHoJeUEcsDNXb/ZjXtWhXwRMoM2Iy9TiSoZC', 'matas.gudliauskas@gmail.com', '9z7eocdnpnxozvg6c9lvaf1s36dmi4n4rgunyhnek95plk71hu1u1du1ve61hhw1lepc4l3kd1qhxcpujuj0nwpx7slugr240qlord2ejv75njr5ilw0pfa0bgp3zvjkr474qjo2a6ctvav36r859b60svx9ha07l079tq79d1z3h4juhnbybnjfj6fskhnkbuerprba3062goafmi57jj55b4amkvwfegzsn6ykhbesohxkpwd2k4adq1v8cc7', '', 1, NULL, '2024-05-05 15:33:27', NULL, NULL),
('unverified', '$2b$12$YitZeCmFdpEt.Zm14A5JN.PBCkaJWoRi0tSpxtGa/aYPXo.IYgiC.', 'matasgudliauskas@gmail.com', 'p4c841g0nxlgtxhlsq4qyr434ws4d20p75s5vod0u8t087hxwz4xw1yp4w0zxhxks8vgyq5ysf4pbpn4z8fmuuwwzmsfy8faol2zkwdfo0rrsf88d741szoixu3ntio3eviguo6lc6pwthsi6ml9ed67gznu0mlrngk60906b8rrw66rd569w3v8pwom58sesdqpe21py9410vk2ntaeku1rk241l9aft2ackxqki6tkruus67m08az5mgpsenb', 'gt9jjptqtwwserh356eds9ey5oxzxttx6mvgmt7qml5almtrxv', 0, NULL, NULL, NULL, NULL);

-- --------------------------------------------------------

--
-- Table structure for table `PLAYERS_GAMES`
--

CREATE TABLE `PLAYERS_GAMES` (
  `id` int(11) NOT NULL,
  `FKplayer` varchar(50) NOT NULL,
  `FKgame` int(11) NOT NULL,
  `WDL` char(1) NOT NULL,
  `which_turn` int(11) NOT NULL,
  `notes` varchar(100) NOT NULL DEFAULT ''
) ENGINE=InnoDB DEFAULT CHARSET=utf8mb4 COLLATE=utf8mb4_general_ci;

--
-- Dumping data for table `PLAYERS_GAMES`
--

INSERT INTO `PLAYERS_GAMES` (`id`, `FKplayer`, `FKgame`, `WDL`, `which_turn`, `notes`) VALUES
(2, 'matas', 13, 'W', 1, ''),
(3, 'Guest', 13, 'L', 2, ''),
(4, 'Guest', 14, 'W', 1, ''),
(5, 'matas', 14, 'L', 2, ''),
(8, 'matas', 19, 'D', 1, ''),
(9, 'Guest', 19, 'D', 2, ''),
(10, 'matas', 20, 'L', 1, ''),
(11, 'Guest', 20, 'W', 2, ''),
(12, 'Guest', 21, 'W', 1, ''),
(13, 'jonas', 22, 'W', 1, ''),
(14, 'Guest', 23, 'W', 1, ''),
(15, 'matas', 24, 'L', 1, ''),
(16, 'Guest', 24, 'W', 2, ''),
(17, 'Guest', 25, 'W', 1, ''),
(18, 'Guest', 26, 'L', 1, ''),
(19, 'Guest', 26, 'W', 2, ''),
(20, 'Guest', 27, 'W', 1, ''),
(21, 'Guest', 27, 'L', 2, ''),
(22, 'Guest', 28, 'W', 1, ''),
(23, 'Guest', 28, 'L', 2, ''),
(29, 'matas', 34, 'W', 1, ''),
(30, 'matas', 34, 'W', 2, ''),
(31, 'matas', 35, 'L', 1, ''),
(32, 'matas', 35, 'W', 2, ''),
(34, 'matas', 37, 'W', 1, ''),
(35, 'Guest', 37, 'L', 2, ''),
(36, 'Guest', 38, 'W', 1, ''),
(37, 'Guest', 39, 'W', 1, ''),
(38, 'matas', 40, 'L', 1, ''),
(39, 'matas', 40, 'W', 2, ''),
(40, 'matas', 41, 'W', 1, ''),
(41, 'matas', 42, 'W', 1, ''),
(42, 'matas', 43, 'W', 1, ''),
(43, 'matas', 44, 'W', 1, ''),
(44, 'matas', 44, 'L', 2, ''),
(45, 'Guest', 45, 'W', 1, ''),
(46, 'Guest', 46, 'W', 1, ''),
(47, 'matas', 47, 'L', 1, ''),
(48, 'jonas_jonauskas', 47, 'W', 2, ''),
(49, 'jonas_jonauskas', 48, 'W', 1, ''),
(50, 'Guest', 48, 'L', 2, ''),
(51, 'jonas_jonauskas', 49, 'L', 1, ''),
(52, 'matas', 49, 'W', 2, ''),
(53, 'jonas_jonauskas', 50, 'W', 1, ''),
(54, 'Guest', 50, 'L', 2, ''),
(55, 'matas', 51, 'W', 1, ''),
(56, 'jonas_jonauskas', 52, 'L', 1, ''),
(57, 'Guest', 52, 'W', 2, ''),
(58, 'Guest', 53, 'W', 1, ''),
(59, 'Guest', 54, 'W', 1, ''),
(60, 'Guest', 54, 'L', 2, ''),
(61, 'jonas_jonauskas', 55, 'L', 1, ''),
(62, 'Guest', 55, 'W', 2, ''),
(63, 'matas', 56, 'W', 1, ''),
(64, 'matas', 57, 'W', 1, ''),
(65, 'matas', 58, 'W', 1, ''),
(66, 'matas', 59, 'W', 1, ''),
(67, 'matas', 60, 'W', 1, ''),
(68, 'jonas_jonauskas', 61, 'L', 1, ''),
(69, 'Guest', 61, 'W', 2, ''),
(70, 'jonas_jonauskas', 62, 'L', 1, ''),
(71, 'matas', 62, 'W', 2, ''),
(72, 'jonas_jonauskas', 63, 'W', 1, ''),
(73, 'matas', 63, 'L', 2, ''),
(74, 'jonas_jonauskas', 64, 'W', 1, ''),
(75, 'Guest', 65, 'W', 1, ''),
(76, 'Guest', 66, 'W', 1, ''),
(77, 'Guest', 66, 'L', 2, ''),
(78, 'Guest', 67, 'W', 1, ''),
(79, 'jonas_jonauskas', 68, 'L', 1, ''),
(80, 'Guest', 68, 'W', 2, ''),
(81, 'jonas_jonauskas', 69, 'W', 1, ''),
(82, 'Guest', 69, 'L', 2, ''),
(83, 'Guest', 70, 'W', 1, ''),
(84, 'jonas_jonauskas', 71, 'W', 1, ''),
(85, 'jonas_jonauskas', 72, 'L', 1, ''),
(86, 'Guest', 72, 'W', 2, ''),
(87, 'jonas_jonauskas', 73, 'W', 1, ''),
(88, 'Guest', 73, 'L', 2, ''),
(89, 'Guest', 74, 'L', 1, ''),
(90, 'jonas_jonauskas', 74, 'W', 2, ''),
(91, 'jonas_jonauskas', 75, 'L', 1, ''),
(92, 'Guest', 75, 'W', 2, ''),
(93, 'jonas_jonauskas', 76, 'W', 1, ''),
(94, 'jonas_jonauskas', 77, 'L', 1, ''),
(95, 'Guest', 77, 'W', 2, ''),
(96, 'jonas_jonauskas', 78, 'L', 1, ''),
(97, 'Guest', 78, 'W', 2, ''),
(98, 'jonas_jonauskas', 79, 'W', 1, ''),
(99, 'jonas_jonauskas', 80, 'W', 1, ''),
(100, 'Guest', 80, 'L', 2, ''),
(101, 'jonas_jonauskas', 81, 'W', 1, ''),
(102, 'jonas_jonauskas', 82, 'L', 1, ''),
(103, 'Guest', 82, 'W', 2, ''),
(104, 'jonas_jonauskas', 82, 'W', 1, ''),
(105, 'Guest', 82, 'L', 2, ''),
(106, 'jonas_jonauskas', 84, 'L', 1, ''),
(107, 'Guest', 84, 'W', 2, ''),
(108, 'jonas_jonauskas', 85, 'W', 1, ''),
(109, 'Guest', 85, 'L', 2, ''),
(110, 'jonas_jonauskas', 86, 'L', 1, ''),
(111, 'Guest', 86, 'W', 2, ''),
(112, 'jonas_jonauskas', 87, 'W', 1, ''),
(113, 'Guest', 87, 'L', 2, ''),
(114, 'jonas_jonauskas', 88, 'L', 1, ''),
(115, 'Guest', 88, 'W', 2, ''),
(116, 'Guest', 89, 'W', 1, ''),
(117, 'Guest', 90, 'W', 1, ''),
(118, 'Guest', 91, 'W', 1, ''),
(119, 'Guest', 92, 'W', 1, ''),
(120, 'Guest', 93, 'W', 1, ''),
(121, 'Guest', 94, 'W', 1, ''),
(122, 'Guest', 94, 'L', 2, ''),
(123, 'Guest', 95, 'W', 1, ''),
(124, 'Guest', 96, 'W', 1, ''),
(125, 'Guest', 97, 'L', 1, ''),
(126, 'Guest', 97, 'W', 2, ''),
(127, 'Guest', 98, 'W', 1, ''),
(128, 'Guest', 99, 'W', 1, ''),
(129, 'Guest', 99, 'L', 2, ''),
(130, 'Guest', 100, 'W', 1, ''),
(131, 'Guest', 101, 'W', 1, ''),
(132, 'Guest', 102, 'W', 1, ''),
(133, 'matas', 103, 'W', 1, ''),
(134, 'Guest', 103, 'L', 2, ''),
(135, 'Guest', 104, 'W', 1, ''),
(136, 'matas', 105, 'W', 1, ''),
(137, 'matas', 106, 'W', 1, ''),
(138, 'matas', 107, 'W', 1, ''),
(139, 'matas', 108, 'W', 1, ''),
(140, 'matas', 109, 'W', 1, ''),
(141, 'matas', 110, 'W', 1, ''),
(142, 'matas', 111, 'W', 1, ''),
(143, 'matas', 111, 'L', 2, ''),
(144, 'matas', 112, 'W', 1, ''),
(145, 'matas', 113, 'W', 1, ''),
(146, 'matas', 114, 'W', 1, ''),
(147, 'matas', 115, 'W', 1, ''),
(148, 'Guest', 116, 'W', 1, ''),
(149, 'Guest', 117, 'L', 1, ''),
(150, 'Guest', 117, 'W', 2, ''),
(151, 'Guest', 118, 'W', 1, ''),
(152, 'matas', 119, 'W', 1, ''),
(153, 'Guest', 119, 'L', 2, ''),
(154, 'Guest', 120, 'L', 1, ''),
(155, 'matas', 120, 'W', 2, ''),
(156, 'matas', 121, 'W', 1, ''),
(157, 'Guest', 122, 'L', 1, ''),
(158, 'matas', 122, 'W', 2, ''),
(159, 'matas', 123, 'W', 1, ''),
(160, 'Guest', 124, 'L', 1, ''),
(161, 'matas', 124, 'W', 2, ''),
(162, 'Guest', 125, 'L', 1, ''),
(163, 'matas', 125, 'W', 2, ''),
(164, 'matas', 126, 'W', 1, ''),
(165, 'Guest', 127, 'L', 1, ''),
(166, 'matas', 127, 'W', 2, ''),
(167, 'Guest', 128, 'W', 1, ''),
(168, 'matas', 128, 'L', 2, ''),
(169, 'matas', 129, 'W', 1, ''),
(170, 'Guest', 130, 'W', 1, ''),
(171, 'matas', 130, 'L', 2, ''),
(172, 'Guest', 131, 'W', 1, ''),
(173, 'matas', 131, 'L', 2, ''),
(174, 'jonukas', 132, 'W', 1, ''),
(175, 'Guest', 133, 'W', 1, ''),
(176, 'jonukas', 133, 'L', 2, ''),
(177, 'jonukas', 134, 'W', 1, ''),
(178, 'Guest', 135, 'W', 1, ''),
(179, 'jonukas', 135, 'L', 2, ''),
(180, 'Guest', 136, 'L', 1, ''),
(181, 'Guest', 136, 'W', 2, ''),
(182, 'Guest', 137, 'W', 1, ''),
(183, 'Guest', 137, 'L', 2, ''),
(184, 'Guest', 137, 'L', 3, ''),
(185, 'Guest', 138, 'W', 1, ''),
(186, 'Guest', 139, 'W', 1, ''),
(187, 'petras123', 139, 'L', 2, ''),
(188, 'petras123', 140, 'L', 1, ''),
(189, 'Guest', 140, 'L', 2, ''),
(190, 'Guest', 140, 'W', 3, ''),
(191, 'matas', 141, 'L', 1, ''),
(192, 'Guest', 141, 'W', 2, ''),
(193, 'Guest', 141, 'L', 3, ''),
(194, 'Guest', 142, 'L', 1, ''),
(195, 'Guest', 142, 'W', 2, ''),
(196, 'Guest', 143, 'W', 1, ''),
(197, 'markimoo', 143, 'L', 2, ''),
(198, 'jonas', 144, 'W', 1, ''),
(199, 'Obama', 144, 'L', 2, ''),
(200, 'Guest', 144, 'L', 3, ''),
(201, 'jonas', 145, 'L', 1, ''),
(202, 'Obama', 145, 'W', 2, ''),
(203, 'jonas', 146, 'W', 1, ''),
(204, 'Obama', 146, 'L', 2, ''),
(205, 'jonas', 147, 'L', 1, ''),
(206, 'Obama', 147, 'W', 2, ''),
(207, 'jonas', 148, 'L', 1, ''),
(208, 'Obama', 148, 'W', 2, ''),
(209, 'jonas', 149, 'L', 1, ''),
(210, 'Obama', 149, 'W', 2, ''),
(211, 'Obama', 150, 'W', 1, ''),
(212, 'jonas', 150, 'L', 2, ''),
(213, 'jonas', 151, 'L', 1, ''),
(214, 'Obama', 152, 'W', 1, ''),
(215, 'jonas', 152, 'L', 2, ''),
(216, 'jonas', 153, 'L', 1, ''),
(217, 'jonas', 154, 'L', 1, ''),
(218, 'Obama', 154, 'W', 2, ''),
(219, 'jonas', 155, 'L', 1, ''),
(220, 'Obama', 155, 'W', 2, ''),
(221, 'jonas', 156, 'L', 1, ''),
(222, 'jonas', 157, 'W', 1, ''),
(223, 'jonas', 158, 'L', 1, ''),
(224, 'jonas', 159, 'L', 1, ''),
(225, 'Obama', 159, 'W', 2, ''),
(226, 'jonas', 160, 'L', 1, ''),
(227, 'Obama', 161, 'W', 1, ''),
(228, 'jonas', 161, 'L', 2, ''),
(229, 'Guest', 162, 'L', 1, ''),
(230, 'jonas', 163, 'W', 1, ''),
(231, 'Obama', 163, 'L', 2, ''),
(232, 'Guest', 163, 'W', 3, ''),
(233, 'jonas', 165, 'W', 1, 'Connected 4 to win!'),
(234, 'Obama', 165, 'L', 2, 'jonas connected 4 in a row to win!'),
(235, 'Obama', 167, 'W', 2, 'Connected 2 to win!'),
(236, 'jonas', 167, 'L', 1, 'Obama connected 2 in a row to win!'),
(237, 'Guest', 167, 'L', 3, 'Obama connected 2 in a row to win!'),
(238, 'Obama', 173, 'W', 2, 'Connected 4 in a row to win!'),
(239, 'jonas', 173, 'L', 1, 'Obama connected 4 in a row to win!'),
(240, 'jonas', 182, 'W', 1, 'Connected 4 in a row to win!'),
(241, 'Obama', 182, 'L', 2, 'jonas connected 4 in a row to win!'),
(242, 'Obama', 185, 'D', 1, 'No one connected 10 in a row! It is a draw!'),
(243, 'jonas', 185, 'D', 2, 'No one connected 10 in a row! It is a draw!'),
(244, 'jonas', 186, 'L', 1, 'You diconnected from the game'),
(245, 'jonas', 187, 'L', 1, 'You diconnected from the game'),
(246, 'Guest', 187, 'W', 2, 'jonas disconnected from the game'),
(247, 'Obama', 187, 'W', 3, 'jonas disconnected from the game'),
(248, 'Guest', 188, 'L', 1, 'You diconnected from the game');

--
-- Indexes for dumped tables
--

--
-- Indexes for table `GAMES`
--
ALTER TABLE `GAMES`
  ADD PRIMARY KEY (`id`);

--
-- Indexes for table `PLAYERS`
--
ALTER TABLE `PLAYERS`
  ADD PRIMARY KEY (`username`);

--
-- Indexes for table `PLAYERS_GAMES`
--
ALTER TABLE `PLAYERS_GAMES`
  ADD PRIMARY KEY (`id`),
  ADD KEY `FKgame` (`FKgame`),
  ADD KEY `FKplayer` (`FKplayer`);

--
-- AUTO_INCREMENT for dumped tables
--

--
-- AUTO_INCREMENT for table `GAMES`
--
ALTER TABLE `GAMES`
  MODIFY `id` int(11) NOT NULL AUTO_INCREMENT, AUTO_INCREMENT=189;

--
-- AUTO_INCREMENT for table `PLAYERS_GAMES`
--
ALTER TABLE `PLAYERS_GAMES`
  MODIFY `id` int(11) NOT NULL AUTO_INCREMENT, AUTO_INCREMENT=249;

--
-- Constraints for dumped tables
--

--
-- Constraints for table `PLAYERS_GAMES`
--
ALTER TABLE `PLAYERS_GAMES`
  ADD CONSTRAINT `players_games_ibfk_1` FOREIGN KEY (`FKgame`) REFERENCES `GAMES` (`id`),
  ADD CONSTRAINT `players_games_ibfk_2` FOREIGN KEY (`FKplayer`) REFERENCES `PLAYERS` (`username`);
COMMIT;

/*!40101 SET CHARACTER_SET_CLIENT=@OLD_CHARACTER_SET_CLIENT */;
/*!40101 SET CHARACTER_SET_RESULTS=@OLD_CHARACTER_SET_RESULTS */;
/*!40101 SET COLLATION_CONNECTION=@OLD_COLLATION_CONNECTION */;
